name,city,number_of_courts,lines_status,nets_status
Westmonte Park,Orlando,3,Perm. Lines,Perm. Nets
Veterans Memorial Park,Orlando,10,Perm. Lines,Perm. Nets
Dover Shores Community Center,Orlando,6,Perm. Lines,Perm. Nets
Round Lake Park,Orlando,10,Perm. Lines,BYO Nets
Phelps Park,Orlando,2,Perm. Lines,Perm. Nets
Riverside Park,Orlando,3,Perm. Lines,Perm. Nets
Eastmonte Park,Orlando,4,Perm. Lines,BYO Nets
Central Winds Pickleball Courts,Orlando,14,Perm. Lines,Perm. Nets
City of Maitland - Minnehaha Park,Orlando,4,Perm. Lines,Portable Nets
Candyland Sports Complex,Orlando,6,Perm. Lines,Perm. Nets
Warren Park,Orlando,8,Perm. Lines,Portable Nets
Downey Park,Orlando,8,Perm. Lines,Perm. Nets
Eastmonte Park,Orlando,10,Perm. Lines,BYO Nets
Trotwood Park,Orlando,4,Perm. Lines,Portable Nets
Avalon Park,Orlando,2,Perm. Lines,BYO Nets
Cady Way Pickleball,Orlando,8,Perm. Lines,Perm. Nets
Tiger Minor Park,Orlando,7,Perm. Lines,Perm. Nets
East Park,Orlando,4,Perm. Lines,Perm. Nets
Caruthers Park,Anaheim,2,Perm. Lines,BYO Nets
Montebello City Park,Anaheim,4,Perm. Lines,Perm. Nets
Magnolia Park,Anaheim,1,Tape Lines,BYO Nets
Bixby Park,Anaheim,1,Perm. Lines,BYO Nets
Brenner Park,Anaheim,3,Perm. Lines,BYO Nets
Cornerstone Warehouse,Anaheim,3,Perm. Lines,Portable Nets
Independence Park,Anaheim,4,Perm. Lines,Portable Nets
La Mirada Community Regional Park,Anaheim,6,Perm. Lines,Perm. Nets
Sigler Park,Anaheim,3,Perm. Lines,Perm. Nets
Somerset Park,Anaheim,8,Perm. Lines,BYO Nets
City of Lakewood Mayfair Park,Anaheim,8,Perm. Lines,Portable Nets
Leffingwell Ranch Park,Anaheim,4,Perm. Lines,Perm. Nets
Peralta Park,Anaheim,1,Perm. Lines,Perm. Nets
City of La Palma Recreation and Community Center,Anaheim,6,Perm. Lines,Perm. Nets
Box Canyon Park,Anaheim,1,Perm. Lines,BYO Nets
Marina Park Seal Beach,Anaheim,4,Perm. Lines,Perm. Nets
Vellano Park,Anaheim,4,Perm. Lines,Perm. Nets
Morrison Park,Anaheim,1,Perm. Lines,Tennis Nets
Tuffree Hill Park,Anaheim,4,Perm. Lines,Perm. Nets
Whitaker Park,Anaheim,3,Perm. Lines,BYO Nets
Maple Hill Park,Anaheim,4,Perm. Lines,Perm. Nets
Gretchen Whitney High School,Anaheim,3,Perm. Lines,BYO Nets
Brush Canyon Park,Anaheim,2,Perm. Lines,Portable Nets
Heritage Community Park,Anaheim,4,Perm. Lines,Portable Nets
Vista Del Verde Park,Anaheim,3,Perm. Lines,Portable Nets
Liberty Park and Fitness Center,Anaheim,5,Perm. Lines,Perm. Nets
Las Palomas Park,Anaheim,4,Perm. Lines,Perm. Nets
Marina Vista Park,Anaheim,8,Perm. Lines,BYO Nets
Worthy Park,Anaheim,4,Perm. Lines,Perm. Nets
Portola Springs Community Park,Anaheim,8,Perm. Lines,Perm. Nets
Tanager Park,Anaheim,2,Perm. Lines,Perm. Nets
Harbour View Tennis courts,Anaheim,1,Tape Lines,BYO Nets
University Community Park,Anaheim,1,Perm. Lines,Tennis Nets
Edison Park,Anaheim,7,Perm. Lines,Perm. Nets
Bay Shore Recreation Center,Anaheim,3,Perm. Lines,BYO Nets
Discovery Well Park,Anaheim,1,Perm. Lines,Perm. Nets
El Camino Real Park,Anaheim,2,Perm. Lines,Tennis Nets
Cypress College Tennis Center,Anaheim,8,Perm. Lines,BYO Nets
San Carlo Park,Anaheim,2,Perm. Lines,Tennis Nets
Olive hills dog park,Anaheim,2,BYO Lines,Tennis Nets
Twila Reid park,Anaheim,3,Perm. Lines,Perm. Nets
Grand Avenue Park,Anaheim,5,Perm. Lines,Portable Nets
Bill Briare Park,Las Vegas,4,Perm. Lines,Perm. Nets
Huckleberry Park,Las Vegas,4,Perm. Lines,Tennis Nets
Stone Bridge Park,Las Vegas,4,Perm. Lines,Perm. Nets
Aloha Shores Park,Las Vegas,4,Perm. Lines,Perm. Nets
Bob Price Recreation Center,Las Vegas,6,Perm. Lines,Portable Nets
Siena Heights Trailhead,Las Vegas,3,Perm. Lines,Tennis Nets
Sunny Springs Park,Las Vegas,2,Perm. Lines,Tennis Nets
Sunset Park Pickleball Complex,Las Vegas,24,Perm. Lines,Perm. Nets
Black Mountain Recreation Center & Aquatic Complex,Las Vegas,6,Perm. Lines,Perm. Nets
Dorrel Park,Las Vegas,1,Perm. Lines,Perm. Nets
Ward 6 Pickleball Courts,Las Vegas,2,Perm. Lines,Perm. Nets
Skye Hills Park at Farm Road,Las Vegas,2,Perm. Lines,Perm. Nets
Whitney Mesa Tennis Complex,Las Vegas,14,Perm. Lines,Perm. Nets
Deer Springs Park,Las Vegas,2,Perm. Lines,Perm. Nets
Dundee Jones Park,Las Vegas,2,Perm. Lines,Perm. Nets
Cadence Central Park,Las Vegas,2,Perm. Lines,Perm. Nets
Skye View Park,Las Vegas,2,Perm. Lines,Perm. Nets
Paradise Recreation And Community Services Center,Las Vegas,3,Perm. Lines,Portable Nets
Durango Hills Park,Las Vegas,7,Perm. Lines,Perm. Nets
Mission Hills Park,Las Vegas,8,Perm. Lines,BYO Nets
Cougar Creek Park Pickleball Courts,Las Vegas,2,Perm. Lines,Perm. Nets
Hollywood Regional Park,Las Vegas,8,Perm. Lines,Perm. Nets
Lone Mountain Park,Las Vegas,4,Perm. Lines,Perm. Nets
Desert Breeze Community Center,Las Vegas,3,Perm. Lines,Portable Nets
Police Memorial Park,Las Vegas,4,Perm. Lines,Perm. Nets
Neighborhood Recreation Center,Las Vegas,1,Perm. Lines,BYO Nets
Oak Leaf Park Pickleball Courts,Las Vegas,4,Perm. Lines,Perm. Nets
Louis C. Moser Park,New York,8,Perm. Lines,BYO Nets
De Muro Park,New York,3,Perm. Lines,Perm. Nets
Howard Bennett Playground,New York,4,Tape Lines,Perm. Nets
Ellington in the Park,New York,1,BYO Lines,BYO Nets
St. Vartan Park,New York,4,Perm. Lines,BYO Nets
Carl Schurz Park Pickleball Courts,New York,3,Perm. Lines,Portable Nets
Lillian D. Wald Playground,New York,4,Perm. Lines,BYO Nets
Bayonne High School,New York,4,BYO Lines,BYO Nets
Verona Park,New York,2,Perm. Lines,Perm. Nets
Brooklyn Bridge Park Pier 2,New York,4,Perm. Lines,Perm. Nets
Stephen R Gregg Park,New York,2,Perm. Lines,Perm. Nets
Skyline Playground,New York,4,Perm. Lines,Perm. Nets
Kaiser Park,New York,4,Perm. Lines,Perm. Nets
Kawameeh Park,New York,2,Perm. Lines,Tennis Nets
Hoboken Pickleball Court,New York,6,Perm. Lines,Portable Nets
Memorial Park,New York,4,Perm. Lines,Perm. Nets
Lauren Hill Park,New York,2,Perm. Lines,Perm. Nets
North Arlington Pickleball Courts,New York,2,Perm. Lines,Perm. Nets
Hudson County - Washington Park,New York,2,Perm. Lines,Perm. Nets
Frank Principe Pickleball Courts,New York,6,Perm. Lines,Portable Nets
Buchmuller Park Pickleball Court,New York,3,Perm. Lines,Perm. Nets
James J. Walker Park,New York,2,Perm. Lines,BYO Nets
Highland Park,New York,9,Perm. Lines,BYO Nets
Overpeck Tennis & Pickleball Courts,New York,6,Perm. Lines,Perm. Nets
Leif Ericson Park,New York,4,Perm. Lines,Perm. Nets
Riverside County Park,New York,2,Perm. Lines,BYO Nets
Jackie Robinson Park,New York,2,Perm. Lines,BYO Nets
William Birch Park Pickleball Courts,New York,4,Perm. Lines,Perm. Nets
Crocheron Park,New York,6,Perm. Lines,Perm. Nets
Roy Wilkins Park,New York,4,Perm. Lines,BYO Nets
William F. Passannante Ballfield,New York,5,Perm. Lines,BYO Nets
Maple Valley Park,New York,2,Perm. Lines,Tennis Nets
Foley Tennis & Pickleball Courts,New York,4,Perm. Lines,Perm. Nets
DeWitt Clinton Park,New York,3,Perm. Lines,BYO Nets
Branch Brook Park,New York,4,Perm. Lines,Perm. Nets
Belleville High School,New York,2,Perm. Lines,Perm. Nets
Braddock Park Pickleball Courts,New York,7,Perm. Lines,Perm. Nets
Parking Lot near McCarren Park,New York,16,Perm. Lines,BYO Nets
Dr Gertrude B Kelly Playground,New York,2,Perm. Lines,BYO Nets
East River Playground,New York,3,Perm. Lines,BYO Nets
Marine Park,New York,8,Perm. Lines,Perm. Nets
Hudson River Park Interim Pickleball Courts,New York,4,Perm. Lines,Perm. Nets
Verona Community Pool,New York,2,Perm. Lines,Perm. Nets
Sol Lain Playground,New York,3,Perm. Lines,BYO Nets
Ravenswood Playground,New York,4,BYO Lines,BYO Nets
Farm Playground,New York,1,Perm. Lines,Perm. Nets
Herbert H Lehman High School,New York,2,Perm. Lines,BYO Nets
Riverside Park,New York,5,Perm. Lines,Perm. Nets
Happy Warrior Playground,New York,1,BYO Lines,BYO Nets
John J Carty Park,New York,4,Perm. Lines,Perm. Nets
St. Catherine’s Park,New York,3,Tape Lines,BYO Nets
Owens Field Pickleball / Tennis Courts,New York,6,Perm. Lines,Perm. Nets
Wheeler Park,New York,4,Perm. Lines,Perm. Nets
Roy Wilkins Park,New York,4,Perm. Lines,BYO Nets
Francis Lewis Park,New York,1,Perm. Lines,Perm. Nets
Roosevelt Island Pickleball Courts,New York,2,Perm. Lines,Perm. Nets
Linden Park,New York,4,Perm. Lines,Perm. Nets
Archie Spigner Pickleball Courts,New York,4,Perm. Lines,BYO Nets
Robert Moses Playground,New York,2,Perm. Lines,Portable Nets
Washington Park,New York,1,Perm. Lines,Perm. Nets
Asser Levy Recreation Center,New York,1,Perm. Lines,Portable Nets
Squibb Park,New York,3,Perm. Lines,Portable Nets
Rockaway Beach,New York,1,Perm. Lines,Perm. Nets
Tamblyn Field,New York,6,Perm. Lines,Perm. Nets
Inwood Hill Park Handball Courts,New York,2,Perm. Lines,BYO Nets
Trunbull Park,New York,4,Perm. Lines,Perm. Nets
Cypress Recreation Park,New York,2,Perm. Lines,Perm. Nets
La Parquita Tennis Courts,Denver,2,Perm. Lines,Portable Nets
Sheridan Recreation Center,Denver,6,Perm. Lines,BYO Nets
Southwest Recreation Center,Denver,3,Perm. Lines,Portable Nets
Clear Creek Valley Park,Denver,8,Perm. Lines,Perm. Nets
Huston Lake Park,Denver,4,Perm. Lines,Perm. Nets
Addenbrooke Park,Denver,4,Perm. Lines,Portable Nets
Crestridge Park,Denver,4,Perm. Lines,Perm. Nets
5090 Broadway Recreation Center,Denver,2,Perm. Lines,Portable Nets
The Ridge at West Meadows Park,Denver,4,Perm. Lines,BYO Nets
Prospect Park,Denver,6,Perm. Lines,Perm. Nets
St. Charles Rec Center,Denver,3,Perm. Lines,Portable Nets
Carmody Rec Center,Denver,9,Perm. Lines,Perm. Nets
Glendale Park,Denver,4,Perm. Lines,Perm. Nets
Highland Hollows Park,Denver,4,Perm. Lines,Perm. Nets
The Ridge Rec Center,Denver,6,Perm. Lines,Portable Nets
Aqua Vista Park,Denver,2,Perm. Lines,Tennis Nets
Charles Whitlock Park,Denver,2,Perm. Lines,Portable Nets
Malley Senior Center,Denver,2,Perm. Lines,Portable Nets
Martin Luther King Jr Park,Denver,10,Perm. Lines,Perm. Nets
Fulton,Denver,4,Perm. Lines,Perm. Nets
Woodglen / Brookshire Park,Denver,4,Perm. Lines,Perm. Nets
River Church,Denver,2,Tape Lines,Portable Nets
Smoky Hill Metropolitan Subdivision,Denver,2,Perm. Lines,Perm. Nets
Broomfield Industrial Park,Denver,3,Perm. Lines,Perm. Nets
Apex Simms Street Rec Center,Denver,26,Perm. Lines,Perm. Nets
Delmar,Denver,4,Perm. Lines,Perm. Nets
Central Park at the Farm,Denver,2,Perm. Lines,Perm. Nets
La Familia Recreation Center,Denver,2,Perm. Lines,BYO Nets
Scheitler Recreation Center,Denver,1,Perm. Lines,BYO Nets
Barnum Rec Center,Denver,2,Tape Lines,Portable Nets
Skyland Park,Denver,4,Perm. Lines,Tennis Nets
O’Kane Park,Denver,4,Perm. Lines,Portable Nets
Apel-Bacher Park,Denver,4,Perm. Lines,BYO Nets
Eagle Meadows Park,Denver,4,Perm. Lines,BYO Nets
Municipal Park,Denver,6,Perm. Lines,Perm. Nets
Golden Community Center,Denver,2,Perm. Lines,BYO Nets
Northfield High School,Denver,4,Perm. Lines,Perm. Nets
Wyco Park,Denver,10,Perm. Lines,Portable Nets
Ridge Recreation Center,Denver,2,Perm. Lines,Portable Nets
Seven Hills Park,Denver,1,Perm. Lines,Perm. Nets
Harvey Park Recreation Center,Denver,6,Perm. Lines,BYO Nets
Glenarm Recreation Center,Denver,3,Perm. Lines,BYO Nets
CFHSC,Denver,4,Perm. Lines,Perm. Nets
Countryside Outdoor Tennis Center,Denver,6,Perm. Lines,Perm. Nets
Bear Valley PB Park,Denver,4,Perm. Lines,Perm. Nets
Westlands Park,Denver,2,Perm. Lines,Perm. Nets
Gold Crown Field House & Rec Center,Denver,4,Perm. Lines,BYO Nets
Carmody Recreation Center,Denver,6,Perm. Lines,Perm. Nets
Foothills Fieldhouse,Denver,5,Perm. Lines,Portable Nets
Peachtree Hills Park,Atlanta,12,Perm. Lines,Portable Nets
Browns Mill Recreation Center,Atlanta,5,Tape Lines,Portable Nets
Phoenix II Park,Atlanta,2,Perm. Lines,Tennis Nets
Bessie Branham Park,Atlanta,4,BYO Lines,Tennis Nets
Park at Pernoshal Court,Atlanta,1,Perm. Lines,BYO Nets
Fair Oaks Recreation Center,Atlanta,3,Perm. Lines,Portable Nets
Dottie Bridges courts at Flat Shoals Park,Atlanta,4,Perm. Lines,Portable Nets
Grant Park Tennis Courts,Atlanta,8,Perm. Lines,BYO Nets
Shady Valley Park,Atlanta,3,Perm. Lines,Tennis Nets
Grove Park,Atlanta,2,Perm. Lines,Perm. Nets
Jefferson Park Recreation Center,Atlanta,2,Perm. Lines,Portable Nets
Brownwood Park,Atlanta,1,BYO Lines,Tennis Nets
Tucker Recreation Center,Atlanta,6,Tape Lines,Portable Nets
Chosewood Park,Atlanta,1,Perm. Lines,Tennis Nets
Sykes park,Atlanta,6,Perm. Lines,Perm. Nets
Nickajack Park,Atlanta,2,Perm. Lines,Perm. Nets
Keswick Park Tennis Courts,Atlanta,2,Perm. Lines,Tennis Nets
Hidden Valley Park,Atlanta,2,Perm. Lines,Perm. Nets
Chastain Park Tennis Center,Atlanta,1,Perm. Lines,
Rosenfeld Park,Atlanta,4,Perm. Lines,Perm. Nets
Westside Paper,Atlanta,3,Perm. Lines,Portable Nets
Southside Park,Atlanta,6,Perm. Lines,Perm. Nets
Arrow creek,Atlanta,3,Perm. Lines,Perm. Nets
Ebster Recreation Center,Atlanta,3,Perm. Lines,Portable Nets
Briarwood Park Tennis Courts,Atlanta,2,Perm. Lines,Tennis Nets
Lenox-Wildwood Park,Atlanta,1,Perm. Lines,Tennis Nets
Hammond Park,Atlanta,10,Perm. Lines,Portable Nets
Fair Oaks Tennis Center,Atlanta,4,Perm. Lines,Portable Nets
South Fulton Tennis Center,Atlanta,4,Perm. Lines,Perm. Nets
Rodney Cook Sr. Park,Atlanta,2,Perm. Lines,BYO Nets
East Lake Park,Atlanta,2,Perm. Lines,BYO Nets
Lang Carson Recreation Center,Atlanta,2,Perm. Lines,Portable Nets
Brookdale Park,Atlanta,6,Perm. Lines,BYO Nets
Ridgeview Park,Atlanta,6,Perm. Lines,Perm. Nets
Bessie Branham Recreation Center,Atlanta,3,Tape Lines,BYO Nets
Central Park Tennis Courts,Atlanta,4,BYO Lines,BYO Nets
Stone Mountain Recreation - Rock Gym,Atlanta,2,Perm. Lines,BYO Nets
Garden Park,Atlanta,2,Perm. Lines,Tennis Nets
Isabell Gates Webster Park,Atlanta,2,Perm. Lines,Tennis Nets
Lynwood Park,Atlanta,2,Perm. Lines,Tennis Nets
Forest Fleming Arena,Atlanta,4,Perm. Lines,Portable Nets
Anderson Recreation Center,Atlanta,2,Tape Lines,Portable Nets
Tolleson Park,Atlanta,6,Perm. Lines,Tennis Nets
Cobb County Hurt Road Park,Atlanta,2,Perm. Lines,Tennis Nets
Avondale Estates,Atlanta,4,Perm. Lines,Portable Nets
Harleson Park,Phoenix,4,Perm. Lines,BYO Nets
Sundance Park Pickleball Courts,Phoenix,2,Perm. Lines,Perm. Nets
Arrowhead Meadows Park,Phoenix,6,Perm. Lines,Perm. Nets
Indian Bend Park,Phoenix,2,Perm. Lines,Tennis Nets
Alamar Park,Phoenix,4,Perm. Lines,Perm. Nets
Valley Presbyterian Church,Phoenix,3,Perm. Lines,Perm. Nets
Solano Park,Phoenix,4,Perm. Lines,Perm. Nets
Kleinman Park,Phoenix,4,Perm. Lines,Perm. Nets
Pecos Park,Phoenix,16,Perm. Lines,Perm. Nets
harvest park,Phoenix,2,Perm. Lines,Perm. Nets
Tempe Sports Complex,Phoenix,8,Perm. Lines,Perm. Nets
Casita Court,Phoenix,1,Perm. Lines,Perm. Nets
Western Star Park,Phoenix,2,Perm. Lines,Tennis Nets
Encanto Park Tennis Center,Phoenix,3,Perm. Lines,Perm. Nets
Escalante Multi-Generational Center,Phoenix,2,Perm. Lines,Portable Nets
Roadrunner Park,Phoenix,4,Perm. Lines,Perm. Nets
G.R. Herberger Park,Phoenix,4,Perm. Lines,Perm. Nets
Scottsdale Community College,Phoenix,6,Perm. Lines,Perm. Nets
Sandpiper Park,Phoenix,4,Perm. Lines,Perm. Nets
Legacy,Phoenix,2,Perm. Lines,Perm. Nets
Horizon Park,Phoenix,10,Perm. Lines,Perm. Nets
Rose Mofford Sports Complex,Phoenix,3,Perm. Lines,Perm. Nets
Friendship Park,Phoenix,4,Perm. Lines,BYO Nets
Cholla Park,Phoenix,8,Perm. Lines,Perm. Nets
Bonsall Park North,Phoenix,8,Perm. Lines,Portable Nets
Paiute Park,Phoenix,2,Perm. Lines,Tennis Nets
Apollo Beach Park,Tampa,4,Tape Lines,Portable Nets
Del Oro Park,Tampa,2,Perm. Lines,Perm. Nets
Rowlett Park,Tampa,8,Perm. Lines,Perm. Nets
Gardenville Recreation Center,Tampa,3,Perm. Lines,Portable Nets
Northdale Park,Tampa,7,Perm. Lines,BYO Nets
Julian B Lane Riverfront Park,Tampa,6,Perm. Lines,Perm. Nets
New tampa sports pavilion,Tampa,4,Perm. Lines,Portable Nets
Northlakes Sports Complex,Tampa,14,Perm. Lines,Perm. Nets
Cedarbrook,Tampa,2,Perm. Lines,Perm. Nets
Westchase Park & Recreation Center,Tampa,3,Perm. Lines,BYO Nets
Fossil Park,Tampa,6,Perm. Lines,Perm. Nets
Progress Village,Tampa,4,Perm. Lines,Perm. Nets
Booker Creek Park,Tampa,1,Perm. Lines,Perm. Nets
Roberts Recreation Center,Tampa,3,Perm. Lines,BYO Nets
The Skills Center,Tampa,9,Perm. Lines,Portable Nets
North Lakes,Tampa,14,Perm. Lines,Perm. Nets
Madison Street Park,Tampa,1,Perm. Lines,Perm. Nets
Broderick Park,Tampa,2,Perm. Lines,Perm. Nets
Bloomingdale East Park,Tampa,2,Perm. Lines,Perm. Nets
Soule Road Park,Tampa,3,Perm. Lines,Perm. Nets
Denver Park,Tampa,6,Perm. Lines,Perm. Nets
Foster Park,Tampa,2,Perm. Lines,Portable Nets
Cuscaden Park,Tampa,6,Perm. Lines,Perm. Nets
Copeland Park,Tampa,4,Perm. Lines,Perm. Nets
Gladden Park Recreation Center,Tampa,3,Perm. Lines,Portable Nets
Vila Brothers Park,Tampa,2,Perm. Lines,Perm. Nets
Cypress Forest Recreation Center,Tampa,2,Perm. Lines,BYO Nets
Marshall Street Park,Tampa,5,Perm. Lines,Perm. Nets
Skyview Park,Tampa,2,Perm. Lines,Perm. Nets
Keystone Park & Recreation Center,Tampa,4,Perm. Lines,Perm. Nets
Northwest Recreation Center,Tampa,6,Perm. Lines,Perm. Nets
Bicentennial Park,Tampa,3,Perm. Lines,Perm. Nets
Crescent Lake Park,Tampa,6,Perm. Lines,Perm. Nets
Safety Harbor Community Center,Tampa,4,Tape Lines,Portable Nets
McFarlane Park,Tampa,8,Perm. Lines,Perm. Nets
Progress Village Park,Tampa,4,Perm. Lines,Perm. Nets
Amerige Park,Boston,4,Perm. Lines,Perm. Nets
Lt. John Jones Memorial Park,Boston,1,Perm. Lines,Perm. Nets
Edith C Baker School,Boston,10,Perm. Lines,BYO Nets
South Street Courts,Boston,6,Perm. Lines,BYO Nets
Gowdy Memorial Playground,Boston,1,Perm. Lines,BYO Nets
Billings Field,Boston,6,Perm. Lines,BYO Nets
Burlington Parks and Recreation Center,Boston,2,Perm. Lines,Portable Nets
McGrath Park,Boston,6,Perm. Lines,BYO Nets
Florida Ruffin Ridley School,Boston,2,Perm. Lines,Tennis Nets
Lowell Playground,Boston,4,Perm. Lines,Perm. Nets
Bedford Lane School Gym,Boston,5,Perm. Lines,Portable Nets
Pequossette Playground Tennis Courts,Boston,8,Perm. Lines,BYO Nets
Plymouth River School,Boston,6,Perm. Lines,BYO Nets
Lawndale Terrace Garden Park,Boston,4,Perm. Lines,BYO Nets
Peters Park,Boston,1,Perm. Lines,Tennis Nets
Cronin Field,Boston,6,Perm. Lines,Tennis Nets
James R. Savage Educational Center,Boston,3,Perm. Lines,Perm. Nets
Linscott Park Swampscott,Boston,1,Perm. Lines,Portable Nets
Lakeshore Park,Boston,3,Perm. Lines,Perm. Nets
Kendall Square Rooftop Garden,Boston,1,Perm. Lines,Perm. Nets
Fallon Field,Boston,1,Perm. Lines,Tennis Nets
Ink Block Underground,Boston,1,Perm. Lines,Perm. Nets
Seaside Park,Boston,6,Perm. Lines,Perm. Nets
Marblehead Veterans Middle School,Boston,6,Perm. Lines,Perm. Nets
John Murphy Square,Boston,4,Perm. Lines,Portable Nets
President's Golf Course Tennis Courts,Boston,2,Perm. Lines,Tennis Nets
Newton North High School,Boston,10,BYO Lines,BYO Nets
Hull Courts,Boston,4,Perm. Lines,Perm. Nets
Braintree Pickleball Courts,Boston,8,Perm. Lines,Perm. Nets
Leonard Field,Boston,4,Perm. Lines,Portable Nets
Clark Street Playground,Boston,4,Perm. Lines,Perm. Nets
Memorial Middle School Tennis Courts,Boston,2,Perm. Lines,Tennis Nets
Burchard Field,Boston,6,Perm. Lines,Perm. Nets
Longwood Playground,Boston,6,Perm. Lines,BYO Nets
Monsignor McCabe Playground,Boston,2,Perm. Lines,BYO Nets
William Diamond Middle School,Boston,3,Perm. Lines,BYO Nets
Raddin Park,Boston,2,Perm. Lines,BYO Nets
Boston Commons Tennis Courts,Boston,3,Perm. Lines,BYO Nets
Crosby Park,Boston,2,Perm. Lines,Tennis Nets
Recreation Department,Boston,2,Perm. Lines,Perm. Nets
Pellegrini Park,Boston,4,Perm. Lines,BYO Nets
Dorchester Park Tennis Courts,Boston,2,Perm. Lines,Tennis Nets
Carr Park,Boston,4,Perm. Lines,Perm. Nets
Valley Road Recreation Area,Boston,4,Perm. Lines,BYO Nets
Evans Field/Marine Park,Boston,4,Perm. Lines,BYO Nets
Boston - Camp Meigs Field,Boston,4,Perm. Lines,BYO Nets
Carr School,Boston,4,BYO Lines,BYO Nets
Warren Field aka Eliot Street Park,Boston,9,Perm. Lines,BYO Nets
Graverson Playground,Boston,2,BYO Lines,BYO Nets
Bishop Field Tennis Courts,Boston,2,Perm. Lines,BYO Nets
Cambridge Public Library,Boston,3,BYO Lines,BYO Nets
Shea Memorial Rink Courts,Boston,2,Perm. Lines,BYO Nets
Winthrop Middle School Gym,Boston,6,Perm. Lines,BYO Nets
Swampscott Middle School,Boston,2,BYO Lines,BYO Nets
John Glenn Middle School,Boston,2,BYO Lines,BYO Nets
Prince Street Park,Boston,4,Perm. Lines,BYO Nets
Wellesley - Schofield School,Boston,2,Perm. Lines,Perm. Nets
Flash Road Playground,Boston,2,,
Marrs Park,Boston,3,Perm. Lines,Perm. Nets
Newton - Pine Meadow Drive,Boston,1,BYO Lines,BYO Nets
Casey,Boston,10,Perm. Lines,BYO Nets
Hoyt Field,Boston,2,Perm. Lines,Tennis Nets
Easterlin Park,Fort Lauderdale,1,Perm. Lines,BYO Nets
C.B. Smith Park,Fort Lauderdale,6,Perm. Lines,Portable Nets
Country Club of Miami,Fort Lauderdale,2,Perm. Lines,Portable Nets
Benneson Park,Fort Lauderdale,8,Perm. Lines,Perm. Nets
Sunrise Middle School,Fort Lauderdale,6,Perm. Lines,Perm. Nets
Park on SW 112th Ter,Fort Lauderdale,2,Perm. Lines,Perm. Nets
West Pembroke Pines Pickleball Courts,Fort Lauderdale,2,Perm. Lines,Portable Nets
Benenson Park,Fort Lauderdale,6,Perm. Lines,Perm. Nets
Dan Witt Park,Fort Lauderdale,4,Perm. Lines,Perm. Nets
Cypress Park,Fort Lauderdale,8,Perm. Lines,Perm. Nets
Palm Aire - George Brummer Park,Fort Lauderdale,6,Perm. Lines,Perm. Nets
Wimberly Fields Park,Fort Lauderdale,5,Perm. Lines,Perm. Nets
Pompano Beach Community Park,Fort Lauderdale,12,Perm. Lines,Perm. Nets
Jefferson Park Pickleball,Fort Lauderdale,5,Perm. Lines,Perm. Nets
Florence C Hardy Park,Fort Lauderdale,2,Perm. Lines,Tennis Nets
Central Broward Park,Fort Lauderdale,4,Perm. Lines,Perm. Nets
Windmill Park,Fort Lauderdale,4,Perm. Lines,BYO Nets
Joseph C. Carter Park,Fort Lauderdale,3,Perm. Lines,Tennis Nets
Pine Island Park,Fort Lauderdale,6,Perm. Lines,Perm. Nets
Osswald Park,Fort Lauderdale,4,Perm. Lines,Perm. Nets
Suellen H. Fardelmann Cooper City Sports Complex,Fort Lauderdale,6,Perm. Lines,Perm. Nets
Plantation Central Park,Fort Lauderdale,17,Perm. Lines,Portable Nets
Stan Goldman Memorial Park,Fort Lauderdale,9,Perm. Lines,Perm. Nets
Riverside Park,Fort Lauderdale,1,Perm. Lines,Tennis Nets
Coconut Creek Community Center,Fort Lauderdale,3,Perm. Lines,Perm. Nets
George English Park,Fort Lauderdale,8,Perm. Lines,Perm. Nets
Holiday Park,Fort Lauderdale,6,Perm. Lines,Perm. Nets
Riverside Park,Fort Lauderdale,10,Perm. Lines,Perm. Nets
Firefighters Park,Fort Lauderdale,4,Perm. Lines,Perm. Nets
Hagen Park Community Center,Fort Lauderdale,4,Perm. Lines,BYO Nets
Bass Park,Fort Lauderdale,1,Perm. Lines,Tennis Nets
Pacific Beach Rec. Center,San Diego,3,Perm. Lines,Portable Nets
Mackenzie Creek Park,San Diego,8,Perm. Lines,Perm. Nets
Ocean Beach recreation center,San Diego,3,Perm. Lines,Portable Nets
Collier Park,San Diego,4,Perm. Lines,BYO Nets
San Diego Municipal Gymnasium,San Diego,9,Perm. Lines,Portable Nets
Taft Middle School,San Diego,2,Perm. Lines,Perm. Nets
Grove Park,San Diego,2,Perm. Lines,Tennis Nets
Cajon Valley Middle School,San Diego,2,Perm. Lines,Portable Nets
Norman Park Senior Center,San Diego,2,Perm. Lines,Portable Nets
Nobel Recreation Center,San Diego,5,Perm. Lines,Portable Nets
Allied Gardens Recreation Center,San Diego,3,Perm. Lines,Portable Nets
Stanley Recreation Center,San Diego,4,Perm. Lines,Portable Nets
Balboa Park Activity Center,San Diego,5,Perm. Lines,Portable Nets
Big Rock Park,San Diego,8,Perm. Lines,Perm. Nets
North Clairemont Recreation Center,San Diego,6,Perm. Lines,BYO Nets
La Mesita,San Diego,8,Perm. Lines,Portable Nets
Waterfront Park,San Diego,2,Perm. Lines,Perm. Nets
Colina Del Sol Recreation Center,San Diego,7,Perm. Lines,BYO Nets
Highwood Park,San Diego,4,Perm. Lines,Perm. Nets
Millenia Park,San Diego,1,Perm. Lines,Tennis Nets
Lemon Grove Recreation Center,San Diego,4,Perm. Lines,Perm. Nets
Park de la Cruz Gymnasium,San Diego,3,Perm. Lines,Perm. Nets
Clairemont High School,San Diego,4,Perm. Lines,BYO Nets
Murray Ridge Park,San Diego,2,Perm. Lines,BYO Nets
North Park Rec Center,San Diego,3,Perm. Lines,Perm. Nets
Lindo Lake County Park,San Diego,6,Perm. Lines,Portable Nets
Margate Park,Chicago,2,Perm. Lines,Portable Nets
Harrer Park,Chicago,4,Perm. Lines,Perm. Nets
Westchester Park District Community Center,Chicago,2,Perm. Lines,Portable Nets
Mayfair Park Westchester (IL),Chicago,4,Perm. Lines,Perm. Nets
Laramie Park,Chicago,2,Perm. Lines,Perm. Nets
Lockwood Park,Chicago,2,Perm. Lines,Tennis Nets
Armour Square Park,Chicago,4,Perm. Lines,BYO Nets
Horner Park,Chicago,8,Perm. Lines,BYO Nets
Maple Park,Chicago,2,Perm. Lines,Tennis Nets
Blythe Park,Chicago,1,Perm. Lines,Tennis Nets
Senn Park,Chicago,1,Perm. Lines,BYO Nets
Mandrake Park,Chicago,2,Perm. Lines,BYO Nets
Athletic Field Park,Chicago,4,Perm. Lines,BYO Nets
Clarendon Park,Chicago,2,Perm. Lines,Tennis Nets
James Park,Chicago,3,Perm. Lines,Tennis Nets
Sheridan Park Gymnasium,Chicago,6,Perm. Lines,Portable Nets
Harrison Park,Chicago,2,Perm. Lines,BYO Nets
Admin & Leisure Center Gym,Chicago,2,Perm. Lines,Portable Nets
Gwendolyn Brooks Park,Chicago,4,Perm. Lines,Perm. Nets
S California Ave,Chicago,2,Perm. Lines,Tennis Nets
Fosco Park,Chicago,4,Perm. Lines,Portable Nets
Ehlert Park,Chicago,4,Perm. Lines,Tennis Nets
Bauler Park,Chicago,1,Perm. Lines,BYO Nets
Harrington Park,Chicago,2,Perm. Lines,Tennis Nets
Dawes Elementary School,Chicago,2,Perm. Lines,BYO Nets
West Indian Gardens,Chicago,4,Perm. Lines,Tennis Nets
Maggie Daley Park,Chicago,10,Perm. Lines,Portable Nets
Brands Park,Chicago,2,Perm. Lines,BYO Nets
Woodland Park,Chicago,6,Perm. Lines,Perm. Nets
Foster Park,Chicago,8,Perm. Lines,Perm. Nets
Walter Lauth Park,Chicago,2,Perm. Lines,Tennis Nets
Barrie Park,Chicago,6,Perm. Lines,Perm. Nets
Broadway Armory,Chicago,2,Perm. Lines,Portable Nets
Countryside Park,Chicago,2,Perm. Lines,Tennis Nets
Warren Park Field House,Chicago,8,Perm. Lines,Portable Nets
Ellis Park,Chicago,2,Perm. Lines,Portable Nets
Euclid Square Park,Chicago,4,Perm. Lines,Tennis Nets
Pottawattomie Park,Chicago,2,Perm. Lines,Portable Nets
Douglas Monument Park,Chicago,3,Perm. Lines,Portable Nets
Rogers Park,Chicago,4,Perm. Lines,Tennis Nets
La Grange Park Memorial Park,Chicago,3,Perm. Lines,Perm. Nets
Rehm Park,Chicago,2,Perm. Lines,Tennis Nets
Winnemac Park,Chicago,2,Perm. Lines,BYO Nets
Walker Park - Pleasant Dale Park District,Chicago,2,Perm. Lines,Tennis Nets
Hamlin Park,Chicago,1,Perm. Lines,Perm. Nets
Gomper's Park,Chicago,3,Perm. Lines,BYO Nets
Grant Park,Chicago,16,Perm. Lines,Perm. Nets
Northeast Park,Chicago,7,Perm. Lines,Perm. Nets
Cosme Park,Chicago,1,Perm. Lines,Tennis Nets
Welles Park,Chicago,3,Perm. Lines,Perm. Nets
Kirk Lane Park,Chicago,4,Perm. Lines,Perm. Nets
Columbus Park,Chicago,4,Perm. Lines,Perm. Nets
Sedgwick Park,Chicago,4,Perm. Lines,BYO Nets
Oakton Park,Chicago,6,Perm. Lines,Perm. Nets
Grand Crossing Park,Chicago,6,Perm. Lines,Perm. Nets
Northeast Park,Chicago,4,Perm. Lines,Perm. Nets
Union Park,Chicago,4,Perm. Lines,Portable Nets
Sauganash Park,Chicago,2,Perm. Lines,BYO Nets
Hamilton Park,Chicago,6,Perm. Lines,BYO Nets
Welles (Gideon) Park,Chicago,3,Perm. Lines,Tennis Nets
Lerner Park,Chicago,4,Perm. Lines,BYO Nets
Forest View Park,Chicago,2,Perm. Lines,Tennis Nets
Roosevelt (Theodore) Park,Chicago,2,Perm. Lines,Perm. Nets
McGuane Park,Chicago,8,Perm. Lines,BYO Nets
Dvorak Park,Chicago,2,Perm. Lines,Portable Nets
Scottsdale Park,Chicago,2,Perm. Lines,Portable Nets
Rogers Beach Park,Chicago,4,Perm. Lines,BYO Nets
McKinley (William) Park,Chicago,4,Perm. Lines,BYO Nets
Taylor Park,Chicago,6,Perm. Lines,Tennis Nets
Lake Burien School Memorial Park,Seattle,2,Perm. Lines,Tennis Nets
Meadowbrook Community Center,Seattle,3,Perm. Lines,Perm. Nets
International School,Seattle,6,Perm. Lines,Perm. Nets
Crossroads Community Center,Seattle,7,Perm. Lines,Perm. Nets
Meadow Park Pickleball Courts,Seattle,2,Perm. Lines,Perm. Nets
Hing Hay Park,Seattle,1,Perm. Lines,BYO Nets
Feriton Spur ​Park,Seattle,1,Perm. Lines,Perm. Nets
Houghton Park and Play,Seattle,4,Perm. Lines,Perm. Nets
Dearborn Park,Seattle,2,Perm. Lines,Tennis Nets
Meerwood Park,Seattle,1,Perm. Lines,Tennis Nets
Hidden Valley ​Park,Seattle,2,Perm. Lines,Perm. Nets
Soundview Playfield Tennis and Pickleball Courts,Seattle,6,Perm. Lines,Portable Nets
Blackberry ​Park,Seattle,1,Perm. Lines,BYO Nets
High Point Community Center,Seattle,2,Perm. Lines,Portable Nets
Williams-Olson Park,Seattle,1,Perm. Lines,BYO Nets
Spiritridge Park,Seattle,2,,
Shoreline - Shoreview Park,Seattle,6,Perm. Lines,Portable Nets
Perrigo Park,Seattle,4,Perm. Lines,Perm. Nets
Rainier Community Center,Seattle,6,Perm. Lines,Portable Nets
Westside Neighborhood Park,Seattle,1,Perm. Lines,Perm. Nets
Crossroads Park,Seattle,4,Perm. Lines,Portable Nets
Eastgate Park,Seattle,4,Perm. Lines,Perm. Nets
Shoreline Twin Ponds Park Pickleball and Tennis Court,Seattle,2,Perm. Lines,Portable Nets
Liberty Park,Seattle,2,Perm. Lines,Perm. Nets
Queen Anne Community Center,Seattle,4,Perm. Lines,Portable Nets
South Park Playground Tennis and Pickleball Courts,Seattle,3,Perm. Lines,BYO Nets
Highline High School Pickleball and Tennis Courts,Seattle,4,Perm. Lines,Tennis Nets
Maple Leaf Reservoir Park,Seattle,2,Perm. Lines,Perm. Nets
Discovery Park Tennis and Pickleball Courts,Seattle,4,Perm. Lines,BYO Nets
Bitter Lake Community Center,Seattle,10,Perm. Lines,Portable Nets
Brighton Playfield,Seattle,4,Perm. Lines,BYO Nets
Nike Park,Seattle,1,Perm. Lines,Perm. Nets
Kinnear Park,Seattle,1,Perm. Lines,Tennis Nets
Viewpoint Neighborhood Park,Seattle,1,Perm. Lines,Perm. Nets
Miller Park Pickleball Courts,Seattle,7,Perm. Lines,Portable Nets
Lake Boren Park,Seattle,2,Perm. Lines,Tennis Nets
Woodin Creek Park,Seattle,2,Perm. Lines,BYO Nets
Cherry Crest Mini Park,Seattle,1,Perm. Lines,Tennis Nets
Lakemont Community Park,Seattle,4,Perm. Lines,Portable Nets
Hillaire Park,Seattle,3,Perm. Lines,Portable Nets
Garfield Community Center,Seattle,3,Perm. Lines,Portable Nets
Delridge Community Center,Seattle,7,Perm. Lines,Portable Nets
Highland Park Pickleball and Tennis Courts,Seattle,4,Perm. Lines,Portable Nets
City Hall Municipal Campus,Seattle,2,Perm. Lines,Perm. Nets
Church Of Jesus Christ of Latter Day Saints​ Gym,Seattle,3,Perm. Lines,Portable Nets
SWAC Tennis Courts,Seattle,12,Perm. Lines,BYO Nets
Talbot Hill Reservoir Park,Seattle,3,Perm. Lines,Perm. Nets
Montlake Playfield Multisport Court,Seattle,2,Perm. Lines,Tennis Nets
South Bellevue Community Center,Seattle,6,Perm. Lines,Portable Nets
Spiritbrook Park,Seattle,1,Perm. Lines,Perm. Nets
Beacon Hill Playground Tennis Courts,Seattle,4,Perm. Lines,Portable Nets
Magnuson Park Tennis Courts,Seattle,6,Perm. Lines,BYO Nets
Battle Point Park,Seattle,6,Perm. Lines,Perm. Nets
Everest Park,Seattle,3,Perm. Lines,Perm. Nets
Ballard Community Center,Seattle,3,Perm. Lines,Portable Nets
Laurelhurst Tennis and Pickleball Court,Seattle,1,Perm. Lines,Perm. Nets
SeaTac - McMicken Heights Park,Seattle,1,Perm. Lines,Perm. Nets
Hartman Park,Seattle,3,Perm. Lines,BYO Nets
Westminster Chapel Gym,Seattle,3,Perm. Lines,Portable Nets
Brick Yard Road Park,Seattle,2,Perm. Lines,Perm. Nets
Renton Community Center,Seattle,3,Perm. Lines,BYO Nets
Lakeridge Playfield Pickleball and Badminton Courts,Seattle,2,Perm. Lines,Tennis Nets
Mount Baker Pickleball and Tennis Courts,Seattle,4,Perm. Lines,Portable Nets
Green Lake Pickleball Courts East,Seattle,11,Perm. Lines,Perm. Nets
Strawberry Field Park,Seattle,2,Perm. Lines,BYO Nets
Walt Hundley​ Playfield Tennis and Pickleball Courts,Seattle,4,Perm. Lines,Portable Nets
Island Crest Park,Seattle,4,Perm. Lines,Portable Nets
Alki Playground Pickleball and Tennis Courts,Seattle,4,Perm. Lines,Portable Nets
Georgetown Playfield Tennis and Pickleball Courts,Seattle,4,Perm. Lines,BYO Nets
Ridgewood-Belcher Recreation Center,Dallas,5,Perm. Lines,Portable Nets
Farmers Branch Manske Library,Dallas,1,Perm. Lines,Perm. Nets
Keeler park,Dallas,2,Perm. Lines,Perm. Nets
DeSoto Recreation Center,Dallas,2,Perm. Lines,Portable Nets
Walnut Hill Recreation Center,Dallas,4,Perm. Lines,Portable Nets
Netherland Park,Dallas,2,Perm. Lines,BYO Nets
Town Center Park,Dallas,4,Perm. Lines,Portable Nets
Park In the Woods Recreation,Dallas,3,Perm. Lines,Portable Nets
Friendship Park,Dallas,2,Perm. Lines,Perm. Nets
Granger Recreation Center,Dallas,2,Perm. Lines,Tennis Nets
Heights Recreation Center leagues,Dallas,3,Perm. Lines,Portable Nets
Churchill Park,Dallas,4,Perm. Lines,Portable Nets
Terrace Park,Dallas,1,Perm. Lines,Tennis Nets
Huffhines Recreation Center,Dallas,3,Perm. Lines,BYO Nets
Cole Park,Dallas,6,Perm. Lines,Perm. Nets
Cimarron Recreation Center,Dallas,3,Perm. Lines,Portable Nets
Mustang Rec Center,Dallas,3,Perm. Lines,Portable Nets
Fields Recreation Center,Dallas,2,Perm. Lines,Portable Nets
Rutherford Recreation Center,Dallas,1,Perm. Lines,Portable Nets
Lake Highland North Park,Dallas,4,Perm. Lines,Perm. Nets
Holman Rhoton Park,Dallas,2,Perm. Lines,Perm. Nets
Fairfax Park,Dallas,2,Perm. Lines,Portable Nets
Herfurth Park,Dallas,4,Perm. Lines,BYO Nets
Kiest Park Tennis + Pickleball Courts,Dallas,4,Perm. Lines,Perm. Nets
Senter Park,Dallas,1,Perm. Lines,BYO Nets
Kidd Springs Recreation Center,Dallas,5,Perm. Lines,Portable Nets
Harwood Park,Dallas,1,Perm. Lines,Perm. Nets
Coconut Grove Tennis Court,Miami,2,Perm. Lines,Perm. Nets
Polo Park,Miami,2,Perm. Lines,Perm. Nets
Water Oaks Park,Miami,8,Perm. Lines,Perm. Nets
Scott Rakow Youth Center,Miami,3,Perm. Lines,Portable Nets
Bryan Park,Miami,4,Perm. Lines,Portable Nets
Country Club of Miami,Miami,2,Perm. Lines,Portable Nets
Saga Bay Park,Miami,6,Perm. Lines,Perm. Nets
Calusa Park,Miami,4,Perm. Lines,Portable Nets
Tropical Park,Miami,12,Perm. Lines,Perm. Nets
Palmetto Bay Park,Miami,2,Perm. Lines,BYO Nets
Morgan Levy Park,Miami,4,Perm. Lines,Portable Nets
Keystone Park,Miami,2,Perm. Lines,Portable Nets
Jose Marti Park,Miami,4,Tape Lines,Portable Nets
Miami Lakes Optimist Park,Miami,4,Perm. Lines,Tennis Nets
Miller Drive Park,Miami,4,Perm. Lines,Portable Nets
Coral Reef Tennis Center,Miami,2,Perm. Lines,Perm. Nets
Douglas Park - Miami,Miami,2,Perm. Lines,Portable Nets
Brewer Park,Miami,1,Perm. Lines,Perm. Nets
Miami Beach Pickleball Courts,Miami,6,Perm. Lines,Perm. Nets
Haulover Park,Miami,8,Perm. Lines,Perm. Nets
Coral Gables War Memorial Youth Center,Miami,1,Perm. Lines,Portable Nets
Suniland Park,Miami,4,Perm. Lines,Portable Nets
Doral Glades Park,Miami,6,Perm. Lines,Perm. Nets
Charles Houston Recreation Center,Washington District of Columbia,3,Perm. Lines,Portable Nets
Twinbrook Community Recreation Center,Washington District of Columbia,3,Perm. Lines,Portable Nets
McLean Central Park,Washington District of Columbia,3,Perm. Lines,Tennis Nets
Sherwood Recreation Center,Washington District of Columbia,3,Perm. Lines,Portable Nets
Riverdale Community Park,Washington District of Columbia,4,Perm. Lines,BYO Nets
University Park Tennis Courts,Washington District of Columbia,4,Perm. Lines,BYO Nets
Rosedale Recreation Center,Washington District of Columbia,3,Tape Lines,Portable Nets
Edgewood Recreation Center,Washington District of Columbia,4,Perm. Lines,BYO Nets
Hearst Recreation Center,Washington District of Columbia,2,Perm. Lines,BYO Nets
Tilden Woods Park,Washington District of Columbia,4,Perm. Lines,BYO Nets
Turkey Thicket Recreation Center,Washington District of Columbia,4,Perm. Lines,Perm. Nets
Lewinsville Park,Washington District of Columbia,6,Perm. Lines,Perm. Nets
Hillcrest Recreation Center,Washington District of Columbia,4,Perm. Lines,Portable Nets
Braden Field Tennis Courts,Washington District of Columbia,4,Perm. Lines,Portable Nets
Roundtree Park,Washington District of Columbia,2,Perm. Lines,Portable Nets
Paint Branch Stream Valley Park,Washington District of Columbia,3,Perm. Lines,Perm. Nets
Nannie J Lee Memorial Recreation Park,Washington District of Columbia,4,Perm. Lines,BYO Nets
Marcey Road Park,Washington District of Columbia,4,Perm. Lines,Portable Nets
North Michigan Park Recreation Center,Washington District of Columbia,2,Perm. Lines,Portable Nets
White Flint Neighborhood Park,Washington District of Columbia,4,Perm. Lines,BYO Nets
Gum Springs Community Center,Washington District of Columbia,2,Perm. Lines,Portable Nets
Glyndon Park Pickleball Courts,Washington District of Columbia,4,Perm. Lines,Portable Nets
Cedar Heights Community Center,Washington District of Columbia,3,Perm. Lines,Portable Nets
Anacostia Pool and Recreation Center,Washington District of Columbia,10,Perm. Lines,Portable Nets
Bedford Neighborhood Park,Washington District of Columbia,1,Perm. Lines,BYO Nets
Van Dyck Park,Washington District of Columbia,6,Perm. Lines,Portable Nets
Nicholas A. Colasanto Park,Washington District of Columbia,1,Perm. Lines,Tennis Nets
Seven Locks Park,Washington District of Columbia,2,Perm. Lines,Perm. Nets
Jefferson Field Courts,Washington District of Columbia,6,Perm. Lines,Perm. Nets
Hooes Road Park,Washington District of Columbia,2,Perm. Lines,Tennis Nets
Chevy Chase Community Center,Washington District of Columbia,2,Perm. Lines,BYO Nets
Paint Branch Stream Valley,Washington District of Columbia,3,Perm. Lines,Perm. Nets
Glebe Road Park,Washington District of Columbia,4,Perm. Lines,Portable Nets
Arthur Capper Recreation Center,Washington District of Columbia,3,Perm. Lines,Portable Nets
Oakton Glen,Washington District of Columbia,1,Perm. Lines,Tennis Nets
P St Park Tennis Courts,Washington District of Columbia,2,Perm. Lines,BYO Nets
Fort Scott Park,Washington District of Columbia,4,Perm. Lines,Portable Nets
Whitman Middle School/Stephen Foster Park,Washington District of Columbia,4,Perm. Lines,BYO Nets
Meadow Lane Park,Washington District of Columbia,2,Perm. Lines,Tennis Nets
Garfield Park Pickleball Courts,Washington District of Columbia,4,Perm. Lines,BYO Nets
Ridge Road Community Center,Washington District of Columbia,2,Perm. Lines,Portable Nets
North Farm Park,Washington District of Columbia,4,Perm. Lines,BYO Nets
Friendship Recreation Center,Washington District of Columbia,2,Perm. Lines,BYO Nets
Chinquapin Tennis Pickleball Courts,Washington District of Columbia,5,Perm. Lines,Tennis Nets
Powhatan Park,Washington District of Columbia,1,Perm. Lines,BYO Nets
Newark Street Park,Washington District of Columbia,3,Perm. Lines,BYO Nets
Patrick Henry Recreation Center,Washington District of Columbia,4,Perm. Lines,Portable Nets
Emery Heights Community Center,Washington District of Columbia,3,Perm. Lines,Portable Nets
Virginia Highlands Park,Washington District of Columbia,2,Perm. Lines,
Collingwood Park Tennis Courts,Washington District of Columbia,4,Perm. Lines,Portable Nets
Walter Reed Park,Washington District of Columbia,9,Perm. Lines,Portable Nets
Linway Terrace Park,Washington District of Columbia,2,Perm. Lines,Portable Nets
Meridian High School,Washington District of Columbia,12,Perm. Lines,Portable Nets
Westgate Elementary School,Washington District of Columbia,2,Perm. Lines,Tennis Nets
Franconia Outdoor Pickleball Court,Washington District of Columbia,6,Perm. Lines,Perm. Nets
Vansville Park,Washington District of Columbia,2,Perm. Lines,Tennis Nets
Eugene Simpson Stadium Park,Washington District of Columbia,4,Perm. Lines,Portable Nets
Green Acres Center,Washington District of Columbia,6,Perm. Lines,Perm. Nets
Takoma Recreation Center,Washington District of Columbia,2,Perm. Lines,Tennis Nets
Levelle W. Dupell Park,Washington District of Columbia,1,Perm. Lines,Tennis Nets
Rose Park Recreation Center,Washington District of Columbia,1,Perm. Lines,Portable Nets
Dogwood Park,Washington District of Columbia,4,Perm. Lines,BYO Nets
Renaissance Bubble,Washington District of Columbia,2,Tape Lines,Portable Nets
Meadowood Local Park,Washington District of Columbia,2,Perm. Lines,Tennis Nets
James Lee Community Center,Washington District of Columbia,2,Perm. Lines,BYO Nets
Rolling Valley West Park,Washington District of Columbia,4,Perm. Lines,Portable Nets
Indian Springs Terrace Park,Washington District of Columbia,8,Perm. Lines,BYO Nets
Tanglewood Community Park,Washington District of Columbia,4,Perm. Lines,BYO Nets
Volta Recreation Center,Washington District of Columbia,2,Perm. Lines,Portable Nets
Palisades Recreation Center & Playground,Washington District of Columbia,5,Perm. Lines,Tennis Nets
King Greenleaf Recreation Center,Washington District of Columbia,4,Perm. Lines,Perm. Nets
Chevy Chase Rec Center Tennis Courts,Washington District of Columbia,2,Perm. Lines,BYO Nets
Skyline Administration Building,Washington District of Columbia,2,Perm. Lines,BYO Nets
Martin Luther King Park,Washington District of Columbia,4,Perm. Lines,Portable Nets
Argyle Local Park,Washington District of Columbia,2,Perm. Lines,Tennis Nets
The Crossing at East Cut,San Francisco,5,Perm. Lines,Perm. Nets
Buena Vista Park,San Francisco,4,Perm. Lines,BYO Nets
Richmond Playground,San Francisco,2,Perm. Lines,Portable Nets
Richmond Recreation Center,San Francisco,4,Perm. Lines,Portable Nets
War Memorial Community Center,San Francisco,3,Perm. Lines,Portable Nets
Westborough Park,San Francisco,4,Perm. Lines,BYO Nets
Louis Sutter Playground,San Francisco,6,Perm. Lines,Perm. Nets
Minnie & Lovie Ward Recreational Center,San Francisco,4,Perm. Lines,Portable Nets
Martin Luther King Jr Park,San Francisco,2,Perm. Lines,Perm. Nets
Castro Park,San Francisco,6,Perm. Lines,Portable Nets
Hampton Tennis Court - Piedmont,San Francisco,4,Perm. Lines,BYO Nets
Moscone Park Playground,San Francisco,6,Perm. Lines,Portable Nets
George Christopher Playground Park,San Francisco,2,Perm. Lines,BYO Nets
Eureka Valley Rec Center,San Francisco,3,Perm. Lines,Portable Nets
Linda Beach Pickleball Courts,San Francisco,4,Perm. Lines,Portable Nets
Glen Park Recreation Center,San Francisco,3,Perm. Lines,Portable Nets
James Kenney Park Pickleball Court,San Francisco,1,Perm. Lines,Perm. Nets
Lincoln Park,San Francisco,4,Perm. Lines,Perm. Nets
Angelo J. Rossi Playground,San Francisco,8,Perm. Lines,Portable Nets
Mission Blue Tennis Courts,San Francisco,2,Perm. Lines,BYO Nets
Pacelli Event Center,San Francisco,3,Perm. Lines,BYO Nets
Presidio Wall Playground,San Francisco,6,Perm. Lines,Portable Nets
Parkside Square & Bob Cheney Field,San Francisco,8,Perm. Lines,BYO Nets
Hamilton Recreation Center,San Francisco,3,Perm. Lines,Portable Nets
Cedar Rose Park Pickleball Courts,San Francisco,4,Perm. Lines,Perm. Nets
De Fremery Park,San Francisco,1,Perm. Lines,Tennis Nets
Orange Memorial Park,San Francisco,4,Perm. Lines,BYO Nets
Piedmont Middle School Pickleball Courts,San Francisco,6,Perm. Lines,Portable Nets
Mission Bay,San Francisco,1,Perm. Lines,BYO Nets
Orinda Community Center Park,San Francisco,3,Perm. Lines,Portable Nets
Leydecker Park,San Francisco,4,Perm. Lines,Portable Nets
Richmond Police Activities League,San Francisco,2,Perm. Lines,BYO Nets
States Street Playground,San Francisco,2,Chalk Lines,Portable Nets
Booker T. Anderson Jr. Park,San Francisco,6,Perm. Lines,Perm. Nets
Eastwood Park,San Francisco,4,Perm. Lines,Portable Nets
Buri Buri Park,San Francisco,4,Perm. Lines,Portable Nets
Bushrod Park,San Francisco,4,Perm. Lines,BYO Nets
Crocker Amazon Park,San Francisco,2,Perm. Lines,BYO Nets
Strawberry Recreation Center,San Francisco,2,Perm. Lines,Portable Nets
Ocean View Park,San Francisco,4,Perm. Lines,Perm. Nets
Corte Madera Town Park,San Francisco,2,Perm. Lines,BYO Nets
Piper Park,San Francisco,4,Perm. Lines,Portable Nets
Stonegate Park,San Francisco,2,Perm. Lines,BYO Nets
San Bruno City Park,San Francisco,4,Perm. Lines,Portable Nets
Carl Larsen Playground,San Francisco,8,Perm. Lines,Perm. Nets
Upper Noe Recreation Center,San Francisco,6,Perm. Lines,Tennis Nets
Sellick Park,San Francisco,4,Perm. Lines,Portable Nets
Davis Park,Charlotte,2,Perm. Lines,Perm. Nets
Sardis Presbyterian Church,Charlotte,4,BYO Lines,BYO Nets
David B Waymer Recreation Center,Charlotte,1,Perm. Lines,Tennis Nets
Clanton Park,Charlotte,6,Perm. Lines,Perm. Nets
Pearl Street Park,Charlotte,2,Perm. Lines,Perm. Nets
Colonel Francis Beatty Park,Charlotte,6,Perm. Lines,Tennis Nets
Park on Wilgrove,Charlotte,6,Perm. Lines,Perm. Nets
Matthews United Methodist Church,Charlotte,3,Perm. Lines,Portable Nets
Stallings Municipal Park,Charlotte,4,Perm. Lines,Perm. Nets
Ballantyne Parking Deck Courts,Charlotte,2,Perm. Lines,Perm. Nets
Clarks Creek Community Park,Charlotte,8,Perm. Lines,Perm. Nets
Hartsell Recreation Center,Charlotte,5,Perm. Lines,Perm. Nets
Field Day Park,Charlotte,6,Perm. Lines,Perm. Nets
Latta Park,Charlotte,6,Perm. Lines,Tennis Nets
Logan Multi-Purpose Center,Charlotte,2,Perm. Lines,Portable Nets
Marion Diehl Recreation Center,Charlotte,4,Tape Lines,Portable Nets
Stallings Road Park,Charlotte,2,Perm. Lines,Tennis Nets
Mint Hill Veterans Memorial Park,Charlotte,2,Perm. Lines,Perm. Nets
Freedom Park,Charlotte,6,Perm. Lines,Perm. Nets
Huntingtowne Farms Park,Charlotte,4,Perm. Lines,Portable Nets
Frank Liske Park,Charlotte,12,Perm. Lines,Perm. Nets
Tuckaseegee Rec Center,Charlotte,6,Perm. Lines,Tennis Nets
Asing Community Park,Honolulu,2,Perm. Lines,BYO Nets
Aina Haina Community Park,Honolulu,1,Perm. Lines,BYO Nets
Kamiloʻiki Neighborhood Park,Honolulu,1,Perm. Lines,BYO Nets
St. Anthony School Kailua,Honolulu,3,Perm. Lines,BYO Nets
McCully District Park & Pool,Honolulu,4,Perm. Lines,BYO Nets
Schofield Courts,Honolulu,4,Perm. Lines,Tennis Nets
Diamond Head Tennis Center,Honolulu,5,Perm. Lines,Portable Nets
Makakilo Community Park Recreational Center,Honolulu,2,Perm. Lines,BYO Nets
Waiʻalae Iki Neighborhood Park,Honolulu,2,Perm. Lines,BYO Nets
Kunia Neighborhood Park,Honolulu,1,Perm. Lines,BYO Nets
Kapiolani beach homes court,Honolulu,3,Perm. Lines,Perm. Nets
Salt Lake District Park,Honolulu,1,Perm. Lines,BYO Nets
Mother Waldron Neighborhood Park,Honolulu,2,Perm. Lines,Perm. Nets
ʻEwa Mahiko District Park,Honolulu,8,Perm. Lines,BYO Nets
Kailua District Park,Honolulu,11,Perm. Lines,BYO Nets
Waimānalo District Park,Honolulu,6,Perm. Lines,BYO Nets
Paki Community Park,Honolulu,2,Perm. Lines,BYO Nets
Kokohead Neighborhood Park,Honolulu,2,Perm. Lines,BYO Nets
Koko Head District Park,Honolulu,3,Perm. Lines,Tennis Nets
Ala Wai Neighborhood Park,Honolulu,1,Perm. Lines,BYO Nets
Mililani Neighborhood Park,Honolulu,3,Perm. Lines,BYO Nets
(OAHU) Kāneʻohe District Park,Honolulu,2,Perm. Lines,BYO Nets
Halawa District Park,Honolulu,2,Perm. Lines,BYO Nets
Aina KOA Park,Honolulu,1,Perm. Lines,BYO Nets
Keʻehi Lagoon Beach Park,Honolulu,12,Perm. Lines,Perm. Nets
Crestview Community Park,Honolulu,2,Perm. Lines,BYO Nets
Kamokila Community Park,Honolulu,1,Perm. Lines,BYO Nets
Aikahi Community Park,Honolulu,1,Perm. Lines,BYO Nets
Ewa Beach Community Park,Honolulu,2,Perm. Lines,BYO Nets
Hanapepe Tennis Courts,Honolulu,4,Perm. Lines,BYO Nets
Mānana Neighborhood Park,Honolulu,1,Perm. Lines,Perm. Nets
Hoaeae Park,Honolulu,2,Perm. Lines,BYO Nets
Wilson Community Park,Honolulu,1,Perm. Lines,BYO Nets
Koko,Honolulu,3,Perm. Lines,Portable Nets
Kīpapa Neighborhood Park,Honolulu,2,Perm. Lines,BYO Nets
Petrie Community Park,Honolulu,3,Perm. Lines,BYO Nets
Kaimuki Community Park,Honolulu,4,Perm. Lines,BYO Nets
Mason Park,Houston,2,Perm. Lines,BYO Nets
Pasadena Athletics/PAL Gymnasium,Houston,3,Perm. Lines,Portable Nets
Dow Park,Houston,4,Perm. Lines,Tennis Nets
San Jacinto College North,Houston,8,Perm. Lines,BYO Nets
River Oaks Park,Houston,4,Chalk Lines,Tennis Nets
Jaycee Park,Houston,2,Perm. Lines,Perm. Nets
Clear Lake Presbyterian Church,Houston,3,Perm. Lines,Portable Nets
Bay Area Park,Houston,8,Perm. Lines,BYO Nets
Moody Community Center,Houston,2,Perm. Lines,Portable Nets
Bellaire Recreation Center,Houston,5,Perm. Lines,Tennis Nets
Freed Center,Houston,3,Perm. Lines,BYO Nets
Tidwell Community Center,Houston,3,Perm. Lines,Portable Nets
Clearlake Church of the Nazarene,Houston,3,Perm. Lines,Portable Nets
Sugar Land City Park,Houston,4,Perm. Lines,Portable Nets
Bear Creek Pioneers Park,Houston,2,Perm. Lines,Perm. Nets
West Gray Recreation Center,Houston,2,Perm. Lines,BYO Nets
Townwood Community Center,Houston,1,Perm. Lines,BYO Nets
Fonde Recreation Center,Houston,8,Perm. Lines,Portable Nets
Memorial Baptist Church,Houston,3,Tape Lines,Portable Nets
40 ALL,Houston,1,Perm. Lines,Perm. Nets
Alief Park and Neighborhhod Center,Houston,4,Perm. Lines,Tennis Nets
East Poplar Playground,Philadelphia,3,Tape Lines,Tennis Nets
Frederick L. Mann Memorial Park,Philadelphia,1,Perm. Lines,Perm. Nets
Lion's Den Park,Philadelphia,3,Perm. Lines,BYO Nets
Decou Field Complex,Philadelphia,6,Perm. Lines,Perm. Nets
Clem Macrone Park,Philadelphia,2,Perm. Lines,Tennis Nets
Glenolden Park,Philadelphia,1,Perm. Lines,Perm. Nets
Westgate Hills Park,Philadelphia,4,Perm. Lines,Perm. Nets
Paddock Park,Philadelphia,8,Perm. Lines,Perm. Nets
General Wayne park,Philadelphia,1,Perm. Lines,Perm. Nets
FDR Park,Philadelphia,4,Perm. Lines,Portable Nets
Bala Avenue & Union Avenue,Philadelphia,4,Perm. Lines,Perm. Nets
Towey Playground,Philadelphia,4,BYO Lines,Portable Nets
Gloucester Township Recreation Center,Philadelphia,3,Perm. Lines,BYO Nets
Julian Krinsky School of Tennis at the Narberth Racquet Club,Philadelphia,4,Perm. Lines,Portable Nets
Riverton Memorial Park,Philadelphia,3,Perm. Lines,Tennis Nets
Bo Connor Park,Philadelphia,1,Perm. Lines,BYO Nets
Carusi Middle School,Philadelphia,2,Perm. Lines,Tennis Nets
Bob White Park,Philadelphia,6,Perm. Lines,BYO Nets
Warren Filipone Memorial Park,Philadelphia,4,Perm. Lines,BYO Nets
Gouley Park,Philadelphia,2,Tape Lines,Portable Nets
C.C.A. Baldi Middle School,Philadelphia,4,Perm. Lines,BYO Nets
Junod Playground,Philadelphia,4,BYO Lines,BYO Nets
Church Street Recreation Center,Philadelphia,6,Perm. Lines,BYO Nets
Water Tower Recreation Center,Philadelphia,6,Perm. Lines,Perm. Nets
Awbury Recreation Center,Philadelphia,6,Perm. Lines,Perm. Nets
Springfield High School,Philadelphia,2,Perm. Lines,BYO Nets
Jeff Young Memorial Park,Philadelphia,2,Perm. Lines,Perm. Nets
Markward Playground,Philadelphia,2,BYO Lines,Portable Nets
Berlin Park,Philadelphia,5,Perm. Lines,Perm. Nets
Wynnewood Valley Park,Philadelphia,4,Perm. Lines,Perm. Nets
Ralph R. Rizzo Rink,Philadelphia,2,Tape Lines,Portable Nets
Garden State Rotary Complex,Philadelphia,6,Perm. Lines,Perm. Nets
Joyce Kilmer Elementary,Philadelphia,4,Perm. Lines,BYO Nets
David L. Venella Memorial Park / Green Acres Park,Philadelphia,6,Perm. Lines,Perm. Nets
South Ardmore Park,Philadelphia,1,Perm. Lines,Perm. Nets
Browning Road  Tennis Courts,Philadelphia,4,Perm. Lines,BYO Nets
La Salle University,Philadelphia,2,Perm. Lines,Portable Nets
Wall Park,Philadelphia,2,Perm. Lines,Perm. Nets
Burton Memorial Park,Fort Myers,1,Perm. Lines,Tennis Nets
Giuffrida Park,Fort Myers,2,Perm. Lines,Perm. Nets
Jim Jeffers Park,Fort Myers,4,Perm. Lines,Portable Nets
Lions Park,Fort Myers,2,Perm. Lines,Perm. Nets
Gator Trails Park,Fort Myers,2,Perm. Lines,Perm. Nets
Camelot Park,Fort Myers,4,Perm. Lines,Portable Nets
Sanibel Recreation Center,Fort Myers,2,Perm. Lines,Tennis Nets
Three Oaks Park,Fort Myers,6,Perm. Lines,Perm. Nets
FMRC,Fort Myers,6,Perm. Lines,Perm. Nets
Sands Park,Fort Myers,4,Perm. Lines,Perm. Nets
Wa-Ke Hatchee Outdoor Courts,Fort Myers,4,Perm. Lines,Perm. Nets
Brooks Community Park,Fort Myers,12,Perm. Lines,Perm. Nets
Schandler Hall Community Park,Fort Myers,2,Perm. Lines,Tennis Nets
Jack Peeples Community Park,Fort Myers,12,Perm. Lines,Perm. Nets
Joe Stonis Park,Fort Myers,6,Perm. Lines,Portable Nets
The Club at Crystal Lake,Fort Myers,2,Perm. Lines,Tennis Nets
Peay Park,Nashville,3,Perm. Lines,Perm. Nets
Madison Community Center,Nashville,3,Perm. Lines,Portable Nets
Hadley Park,Nashville,2,Tape Lines,Portable Nets
Hermitage Community Center,Nashville,3,Perm. Lines,Portable Nets
J.T. Moore Middle School,Nashville,4,Perm. Lines,BYO Nets
Vertical Gyms,Nashville,2,Tape Lines,Portable Nets
Hillwood,Nashville,3,BYO Lines,BYO Nets
Seven Oaks Park,Nashville,4,Perm. Lines,Perm. Nets
Sevier Park,Nashville,5,Perm. Lines,Portable Nets
Waipuilani Park,Maui,8,Perm. Lines,Perm. Nets
(Maui) Kula Community Center,Maui,5,Tape Lines,BYO Nets
The War Memorial Sports Complex,Maui,3,Perm. Lines,Portable Nets
Eddie Tam Memorial Center,Maui,3,Perm. Lines,Portable Nets
Mill race Park,Salt Lake City,2,Perm. Lines,Perm. Nets
Oak Hills Elementary School,Salt Lake City,2,Perm. Lines,BYO Nets
Hogan Park,Salt Lake City,6,Perm. Lines,Perm. Nets
Central Park,Salt Lake City,4,Perm. Lines,Portable Nets
Lodestone Park,Salt Lake City,2,Perm. Lines,Perm. Nets
5th Ave & C Street Pickleball Courts,Salt Lake City,2,Perm. Lines,Perm. Nets
11th Ave Park,Salt Lake City,6,Perm. Lines,Perm. Nets
Fairmont Park,Salt Lake City,6,Perm. Lines,Perm. Nets
Ron Wood Park,Salt Lake City,6,Perm. Lines,Perm. Nets
Muir Elementary School,Salt Lake City,2,Perm. Lines,BYO Nets
City Hall Park,Salt Lake City,2,Perm. Lines,Perm. Nets
Murray City Park,Salt Lake City,6,Perm. Lines,Perm. Nets
Centennial Park,Salt Lake City,12,Perm. Lines,Perm. Nets
Murray City Senior Recreation Center,Salt Lake City,3,Perm. Lines,Perm. Nets
Poplar Grove Park,Salt Lake City,2,Perm. Lines,Tennis Nets
Midvale Boys and Girls Club,Salt Lake City,8,Perm. Lines,Perm. Nets
Constitution Park Pickleball Courts,Salt Lake City,8,Perm. Lines,Perm. Nets
Taylorsville Water Tower Courts,Salt Lake City,4,Perm. Lines,Perm. Nets
West Valley City Family Fitness Center,Salt Lake City,12,Perm. Lines,Perm. Nets
Vista Park,Salt Lake City,2,Perm. Lines,Perm. Nets
Taylorsville Pickleball Courts,Salt Lake City,4,Perm. Lines,Perm. Nets
Second Summit Hard Cider Company,Salt Lake City,4,Perm. Lines,Perm. Nets
West Bountiful Pickleball Courts,Salt Lake City,4,Perm. Lines,Perm. Nets
Canyon Rim Park Pickleball Courts,Salt Lake City,10,Perm. Lines,Perm. Nets
Holladay Lions Recreation Center,Salt Lake City,6,Perm. Lines,Portable Nets
Washington Park,Salt Lake City,8,Perm. Lines,Perm. Nets
Kearns Oquirrh Park Fitness Center,Salt Lake City,6,Perm. Lines,Portable Nets
Cottonwood Heights Recreation Center,Salt Lake City,9,Perm. Lines,Perm. Nets
Flat Iron Mesa Park,Salt Lake City,5,Perm. Lines,Perm. Nets
Twin Hollow Park,Salt Lake City,6,Perm. Lines,Perm. Nets
Jurgens Park,Portland,4,Perm. Lines,Portable Nets
Hidden Creek Park East,Portland,6,Perm. Lines,Perm. Nets
Marshall/Luepke Community Center,Portland,4,Perm. Lines,Portable Nets
Hammerle Park,Portland,4,Perm. Lines,Perm. Nets
Alder Elementary School,Portland,2,Perm. Lines,Portable Nets
Lakeridge High School,Portland,6,Perm. Lines,BYO Nets
Tanner Creek Park,Portland,2,Perm. Lines,Perm. Nets
Rock Creek Landing Park,Portland,2,Perm. Lines,BYO Nets
Raleigh Swim Center,Portland,4,Perm. Lines,Perm. Nets
Parivar Park,Portland,2,Perm. Lines,Perm. Nets
Sellwood Park Tennis/Pickleball Courts,Portland,8,Perm. Lines,BYO Nets
Gabriel Park,Portland,6,Perm. Lines,Perm. Nets
Magnolia Park,Portland,2,Perm. Lines,BYO Nets
Lake Oswego Senior High School - North Courts,Portland,6,BYO Lines,BYO Nets
Cedar Hills Park,Portland,3,Perm. Lines,BYO Nets
Pier Park,Portland,4,Perm. Lines,BYO Nets
Lincoln Elementary School,Portland,4,Perm. Lines,Portable Nets
Risley Park,Portland,2,Perm. Lines,BYO Nets
Salvation Army,Portland,2,Perm. Lines,Portable Nets
Tualatin Community Park,Portland,6,Perm. Lines,BYO Nets
Fisher Basin Pickleball and Tennis Courts,Portland,6,Perm. Lines,BYO Nets
Elsie Stuhr Park,Portland,1,Perm. Lines,Perm. Nets
Grass Valley Park,Portland,2,Perm. Lines,Tennis Nets
Muslim Educational Trust,Portland,3,Perm. Lines,Portable Nets
Summerlake City Park,Portland,6,Perm. Lines,Portable Nets
Ida B. Wells-Barnett High School,Portland,6,Perm. Lines,Perm. Nets
Reedville Creek Tennis Court,Portland,4,Perm. Lines,BYO Nets
Southshore Blvd Reservoir,Portland,4,Perm. Lines,BYO Nets
Okeeheelee Park,West Palm Beach,6,Perm. Lines,Perm. Nets
The Isles At Wellington,West Palm Beach,3,Perm. Lines,Tennis Nets
Sunset Ridge Park,West Palm Beach,6,Perm. Lines,Portable Nets
Town of Lantana Recreation Center,West Palm Beach,2,Perm. Lines,Tennis Nets
Greenview Shores Park,West Palm Beach,8,Perm. Lines,Tennis Nets
Lake Lytal Park,West Palm Beach,6,Perm. Lines,Perm. Nets
Village Park Athletics Complex,West Palm Beach,7,Perm. Lines,BYO Nets
Abacoa Community Park,West Palm Beach,5,Perm. Lines,Perm. Nets
John Prince Park,West Palm Beach,6,Perm. Lines,Perm. Nets
Samuel J. Ferreri Community Tennis Court,West Palm Beach,2,Perm. Lines,Tennis Nets
Green Acres Freedom Park,West Palm Beach,4,Perm. Lines,Perm. Nets
Lone Lake,Minneapolis,8,Perm. Lines,Perm. Nets
Yancey Park,Minneapolis,4,Perm. Lines,BYO Nets
Riley Lake Park,Minneapolis,6,Perm. Lines,BYO Nets
Flanery Park,Minneapolis,2,Perm. Lines,Tennis Nets
Eden Prairie Senior Center,Minneapolis,6,Perm. Lines,Perm. Nets
Marie Park,Minneapolis,6,Perm. Lines,Perm. Nets
Westwood Play Fields,Minneapolis,12,Perm. Lines,Perm. Nets
Lynnhurst Recreation Center,Minneapolis,2,Perm. Lines,Portable Nets
Friendly Hills Park,Minneapolis,6,Perm. Lines,Perm. Nets
Mound Ave Tennis & Pickleball Courts,Minneapolis,6,Perm. Lines,Portable Nets
Central Park,Minneapolis,5,Perm. Lines,Perm. Nets
Richfield Washington Park,Minneapolis,8,Perm. Lines,Perm. Nets
Assembly Union Park,Minneapolis,3,Perm. Lines,Perm. Nets
Norwood Park,Minneapolis,6,Perm. Lines,Perm. Nets
Moore Lake Pickleball Courts,Minneapolis,2,Perm. Lines,Perm. Nets
Bridgewood park,Minneapolis,6,Perm. Lines,Perm. Nets
Totem Pole Park,Minneapolis,4,Perm. Lines,Perm. Nets
Lakeview Knolls Park,Minneapolis,18,Perm. Lines,Perm. Nets
Pedro Park,Minneapolis,2,Perm. Lines,Perm. Nets
St Peter's Catholic Church,Minneapolis,2,Perm. Lines,BYO Nets
Becker Park,Minneapolis,8,Perm. Lines,Perm. Nets
Lake Nokomis Community Center,Minneapolis,6,Perm. Lines,Perm. Nets
Loring Community Arts Center,Minneapolis,2,Perm. Lines,Perm. Nets
Rosland Park,Minneapolis,7,Perm. Lines,Perm. Nets
Bobby Theisen Park,Minneapolis,8,Perm. Lines,Perm. Nets
Orchard Park,Minneapolis,2,Perm. Lines,Perm. Nets
Central Park of Maple Grove,Minneapolis,4,Perm. Lines,Perm. Nets
Windom South Recreation Center,Minneapolis,2,Perm. Lines,Portable Nets
Garden Park,Minneapolis,4,Perm. Lines,BYO Nets
The Sanneh Foundation Community Camps - Conway Community Center,Minneapolis,2,Perm. Lines,Portable Nets
Zachary Playfield,Minneapolis,6,Perm. Lines,Perm. Nets
Highland Park Recreation Center,Minneapolis,3,Perm. Lines,Portable Nets
Bell Courts Park,Minneapolis,4,Perm. Lines,Perm. Nets
Salem Hills Park,Minneapolis,2,Perm. Lines,Perm. Nets
Sky Hill Park,Minneapolis,4,Perm. Lines,Portable Nets
McRae Park,Minneapolis,5,Perm. Lines,Portable Nets
Wolfe Park,Minneapolis,5,Perm. Lines,Perm. Nets
Weaver Lake Community Park,Minneapolis,4,Perm. Lines,Tennis Nets
Staring Lake Park,Minneapolis,8,Perm. Lines,Perm. Nets
Mattocks Park,Minneapolis,2,Perm. Lines,Tennis Nets
Dickman Park,Minneapolis,2,Perm. Lines,Perm. Nets
Martin Luther King Recreation Center,Minneapolis,4,Perm. Lines,Perm. Nets
Evergreen Park Roseville,Minneapolis,6,Perm. Lines,Perm. Nets
Crystal Community Center,Minneapolis,5,Perm. Lines,Portable Nets
Webster Park,Minneapolis,2,Perm. Lines,Perm. Nets
Plymouth Middle School,Minneapolis,4,Perm. Lines,Tennis Nets
Merriam Park Recreation Center,Minneapolis,2,Perm. Lines,Portable Nets
St Louis Park Middle School,Minneapolis,8,Perm. Lines,BYO Nets
Oakwood Elementary School,Minneapolis,4,Perm. Lines,Tennis Nets
Kerber Park,Minneapolis,6,Perm. Lines,BYO Nets
Bass Lake Playfield - East,Minneapolis,6,Perm. Lines,Perm. Nets
North Valley Park,Minneapolis,6,Perm. Lines,Perm. Nets
Wildwood Park Pickleball Court,Minneapolis,6,Perm. Lines,Perm. Nets
Pearl Recreation Center,Minneapolis,4,Perm. Lines,BYO Nets
Hancock Recreation Center,Minneapolis,2,Perm. Lines,Portable Nets
Jimmy Lee Recreation Center,Minneapolis,2,Perm. Lines,Portable Nets
Windom Park,Minneapolis,2,Perm. Lines,Perm. Nets
Highland Hills Tennis/Pickleball Court,Minneapolis,2,Perm. Lines,Tennis Nets
Quarry Park,Minneapolis,8,Perm. Lines,Perm. Nets
Pleasant Park,Raleigh,6,Perm. Lines,Perm. Nets
Womble Park - Holly Springs,Raleigh,2,Perm. Lines,Tennis Nets
Ed Yerha Park,Raleigh,3,Perm. Lines,Perm. Nets
McCrimmon Park,Raleigh,6,Perm. Lines,Perm. Nets
Ting Park - Sports Club,Raleigh,4,Perm. Lines,Perm. Nets
Morrisville Community Park,Raleigh,3,Perm. Lines,Perm. Nets
Kelly Road Park,Raleigh,4,Perm. Lines,Perm. Nets
Baileywick Park,Raleigh,9,Perm. Lines,Portable Nets
Bethesda Park,Raleigh,6,Perm. Lines,Portable Nets
North Hills Park,Raleigh,6,Perm. Lines,Perm. Nets
Walnut Street Park,Raleigh,2,Perm. Lines,Perm. Nets
Harper Park Tennis & Pickleball Park,Raleigh,4,Perm. Lines,Perm. Nets
Cary Tennis Park,Raleigh,4,Perm. Lines,Perm. Nets
Cary Carpenter Park,Raleigh,3,Perm. Lines,Perm. Nets
Method Community Center,Raleigh,8,Perm. Lines,Perm. Nets
Apex Elementary School,Raleigh,4,Perm. Lines,Perm. Nets
Donner Park Community Center,Jacksonville,6,Perm. Lines,BYO Nets
Klutho Tennis Court,Jacksonville,2,Perm. Lines,Tennis Nets
William Sheffield Regional Park,Jacksonville,6,Perm. Lines,Perm. Nets
Fletcher High School,Jacksonville,4,Perm. Lines,BYO Nets
Boone Park Tennis Complex,Jacksonville,6,Perm. Lines,Perm. Nets
Blue Cypress Park,Jacksonville,4,Perm. Lines,Perm. Nets
Fort Family Park,Jacksonville,4,Perm. Lines,Perm. Nets
Southside Park Tennis,Jacksonville,4,Perm. Lines,Tennis Nets
Victoria Park,Jacksonville,1,Perm. Lines,Tennis Nets
Argyle Forest Park,Jacksonville,12,Perm. Lines,Perm. Nets
Jarboe Park,Jacksonville,8,Perm. Lines,Perm. Nets
Alberts Field,Jacksonville,4,Perm. Lines,BYO Nets
Orange Park Sports & Recreation Park,Jacksonville,2,Perm. Lines,Tennis Nets
LifePoint Christian Fellowship,Jacksonville,2,Perm. Lines,Portable Nets
South Beach Park and Sunshine Playground,Jacksonville,2,Perm. Lines,Perm. Nets
Isle of Palms Park JAX,Jacksonville,4,Perm. Lines,BYO Nets
Ringhaver Park,Jacksonville,6,Perm. Lines,Perm. Nets
Walter Anderson Memorial Park,Jacksonville,6,Perm. Lines,Perm. Nets
Ortega Life Center @ Ortega United Methodist Church,Jacksonville,3,Perm. Lines,BYO Nets
Belle Terre Park,New Orleans,5,Perm. Lines,Portable Nets
Estelle Park,New Orleans,3,Tape Lines,Portable Nets
Belle Chasse Multi-Purpose Building,New Orleans,4,Tape Lines,Portable Nets
Pontchartrain Park,New Orleans,6,Tape Lines,BYO Nets
Union Playspot,New Orleans,2,Perm. Lines,Perm. Nets
Wally Pontiff Jr Playground,New Orleans,2,Perm. Lines,Portable Nets
Joe W. Brown Park Tennis Center,New Orleans,10,Perm. Lines,Tennis Nets
Oakdale park,New Orleans,2,Perm. Lines,Perm. Nets
Crescent Park,New Orleans,10,BYO Lines,BYO Nets
Morris FX Jeff Sr. Park,New Orleans,5,Perm. Lines,Portable Nets
Val Riess Complex,New Orleans,6,Perm. Lines,Portable Nets
Mike Miley Playground,New Orleans,4,Perm. Lines,Portable Nets
Gernon Brown Recreation Center,New Orleans,3,Tape Lines,Portable Nets
Pan Am Neighborhood Park,Austin,6,Perm. Lines,Perm. Nets
University of Texas Elementary Charter School,Austin,2,Perm. Lines,Portable Nets
Westenfield Neighborhood Park,Austin,2,Perm. Lines,BYO Nets
Hancock Recreation Center,Austin,2,Perm. Lines,BYO Nets
Lakeway City Park,Austin,4,Perm. Lines,Perm. Nets
Mary Frances Baylor,Austin,2,Perm. Lines,BYO Nets
Civitan Park,Austin,4,Perm. Lines,BYO Nets
Dittmar Recreation Center,Austin,4,Perm. Lines,Portable Nets
Parque Zaragoza Recreation Center,Austin,1,Perm. Lines,BYO Nets
Northwest Austin Recreation Center,Austin,3,Perm. Lines,Portable Nets
Little Zilker Park,Austin,4,Tape Lines,BYO Nets
Rosewood Neighborhood Park,Austin,2,Perm. Lines,Perm. Nets
Mountain View Park,Austin,4,Perm. Lines,BYO Nets
Virginia L. Brown Recreation Center,Austin,2,BYO Lines,BYO Nets
Montopolis Recreation and Community Center,Austin,2,Perm. Lines,Portable Nets
George Morales Dove Springs Recreation Center,Austin,3,Perm. Lines,Portable Nets
South Austin Recreation Center Gym,Austin,4,Perm. Lines,Portable Nets
Mary Moore Searight,Austin,3,Perm. Lines,BYO Nets
Dick Nichols District Park,Austin,5,Perm. Lines,BYO Nets
Austin Recreation Center,Austin,3,Perm. Lines,Portable Nets
Shipe Park,Austin,2,Perm. Lines,BYO Nets
Austin High Tennis Center,Austin,3,Perm. Lines,Perm. Nets
Alamo Recreation Center,Austin,3,Perm. Lines,BYO Nets
Gus Garcia Recreation Center,Austin,4,Perm. Lines,BYO Nets
SARC Multi Use courts,Austin,4,Perm. Lines,Portable Nets
Beverly S Sheffield Northwest District Park,Austin,4,Perm. Lines,BYO Nets
Windermere Park,Austin,1,Perm. Lines,Tennis Nets
Lake Travis Biergarten,Austin,2,Perm. Lines,Perm. Nets
Brentwood Neighborhood Park,Austin,2,Perm. Lines,BYO Nets
Pooler Recreation Park,Savannah,1,BYO Lines,BYO Nets
Lake Mayer Park,Savannah,4,Perm. Lines,Perm. Nets
Daffin Park,Savannah,3,Perm. Lines,Tennis Nets
"The Salvation Army of Savannah, GA",Savannah,2,Perm. Lines,Portable Nets
Tybee Island Memorial Park,Savannah,2,Perm. Lines,BYO Nets
Jaycee Park,Savannah,1,Perm. Lines,Portable Nets
Bluffton Recreation Center,Savannah,2,Perm. Lines,Perm. Nets
South Bryan County Rec Center,Savannah,8,Perm. Lines,Perm. Nets
Lyndhurst Park,Cleveland,3,Perm. Lines,BYO Nets
Clague Park,Cleveland,6,Perm. Lines,Portable Nets
Beachwood Pickleball Courts,Cleveland,6,Perm. Lines,Perm. Nets
Purvis Park,Cleveland,2,Perm. Lines,BYO Nets
Eastlake Skatepark,Cleveland,2,Perm. Lines,Perm. Nets
Lakewood Park,Cleveland,4,Perm. Lines,Perm. Nets
Campbell Park,Cleveland,4,Perm. Lines,Perm. Nets
Linden Park,Cleveland,6,Perm. Lines,BYO Nets
Orange Village Park,Cleveland,1,Perm. Lines,BYO Nets
Mayfield Heights City Park,Cleveland,14,Perm. Lines,Portable Nets
Cleveland University Heights,Cleveland,4,Perm. Lines,BYO Nets
Meijer Park formerly Valleywood Park,Cleveland,2,Perm. Lines,Perm. Nets
Merl Park,Cleveland,1,Perm. Lines,Tennis Nets
Berea/Midpark Middle School,Cleveland,4,Perm. Lines,Portable Nets
Reese Park,Cleveland,4,Perm. Lines,Perm. Nets
Denison Park,Cleveland,8,Perm. Lines,Portable Nets
Jindra Park Pickleball Courts,Cleveland,2,Perm. Lines,Perm. Nets
Solon Community Park,Cleveland,4,Perm. Lines,Perm. Nets
Shaker Heights Sussex Park,Cleveland,4,Perm. Lines,Portable Nets
Elmwood Park Tennis/Pickleball Courts,Cleveland,6,Perm. Lines,Perm. Nets
Parma Heights Pickleball Courts,Cleveland,2,Perm. Lines,Perm. Nets
The Salvation Army - Cleveland Temple,Cleveland,2,Perm. Lines,Portable Nets
Impett Park,Cleveland,2,Perm. Lines,Tennis Nets
Brainard Park,Cleveland,2,Perm. Lines,Perm. Nets
Kennedy Park - Cuyahoga Falls Ohio,Cleveland,2,Perm. Lines,Tennis Nets
Morton Park,Cleveland,10,Perm. Lines,Perm. Nets
Victory Park,Cleveland,2,Perm. Lines,Perm. Nets
Michael A. Ries Courts,Cleveland,4,Perm. Lines,Perm. Nets
Greenbriar Commons Park,Cleveland,2,Perm. Lines,Perm. Nets
Surrarrer Park,Cleveland,4,Perm. Lines,BYO Nets
Glen Meadow Park,Cleveland,6,Perm. Lines,Perm. Nets
Tri-City Park,Cleveland,12,Perm. Lines,Perm. Nets
Euclid Memorial Park,Cleveland,6,Perm. Lines,Perm. Nets
Cleveland Pickleball Center,Cleveland,14,Perm. Lines,Perm. Nets
Highland Heights Community Park,Cleveland,8,Perm. Lines,Portable Nets
Francis Park,St Louis,6,Perm. Lines,Perm. Nets
Hoech Middle School,St Louis,2,Perm. Lines,BYO Nets
Brinkop Park,St Louis,1,Perm. Lines,Perm. Nets
Lake School Park,St Louis,1,Perm. Lines,
Metro East Sportsplex,St Louis,4,Tape Lines,Portable Nets
Conway Park,St Louis,2,Perm. Lines,Perm. Nets
Blackburn Park,St Louis,2,Perm. Lines,Perm. Nets
Moody Park,St Louis,4,Perm. Lines,Perm. Nets
A.B. Green Park,St Louis,4,Perm. Lines,BYO Nets
Jewish Community Center,St Louis,3,Perm. Lines,Portable Nets
O'Fallon Park Recreation Complex,St Louis,1,Perm. Lines,BYO Nets
Kirkwood Park Tennis Center,St Louis,20,Perm. Lines,Perm. Nets
Glidden Park,St Louis,6,Perm. Lines,Perm. Nets
Vago Park,St Louis,3,Perm. Lines,Portable Nets
Bridgeway Park,St Louis,2,Perm. Lines,Perm. Nets
Bangert Park,St Louis,3,Perm. Lines,Perm. Nets
Maryville Drost Park,St Louis,2,Perm. Lines,Perm. Nets
Pattonville Heights Middle School,St Louis,3,Perm. Lines,Tennis Nets
Willmore Park,St Louis,6,Perm. Lines,Perm. Nets
Kirkwood Community Center,St Louis,4,Perm. Lines,Portable Nets
Miner Park Pickleball Courts,St Louis,6,Perm. Lines,Perm. Nets
Watson Trail Park,St Louis,4,Perm. Lines,Tennis Nets
Carondelet Tennis Courts,St Louis,6,Perm. Lines,Perm. Nets
Shaw Park Tennis Center,St Louis,4,Perm. Lines,Perm. Nets
Wilson Park,St Louis,6,Perm. Lines,Perm. Nets
St Vincent Community Center,St Louis,4,Perm. Lines,Tennis Nets
North St. Louis County Recreational Complex,St Louis,4,Perm. Lines,Portable Nets
Benton Park,St Louis,2,Perm. Lines,Perm. Nets
Ritenour High School,St Louis,2,Perm. Lines,BYO Nets
Spellman Park,St Louis,1,Perm. Lines,Tennis Nets
Tilles Park,St Louis,6,Perm. Lines,Perm. Nets
Kennedy Recreation Center,St Louis,3,Perm. Lines,Portable Nets
Southgate Church,St Louis,3,Tape Lines,Portable Nets
Fenton City Park,St Louis,8,Perm. Lines,Perm. Nets
Armistead Gardens Elementary School,Baltimore,2,Perm. Lines,Portable Nets
Catonsville Community Park,Baltimore,4,Perm. Lines,BYO Nets
Rockburn Branch Park,Baltimore,3,Perm. Lines,BYO Nets
Atholton Park,Baltimore,2,Perm. Lines,Perm. Nets
Glendale Park,Baltimore,3,Perm. Lines,Perm. Nets
Oliver Beach Elementary School,Baltimore,2,Perm. Lines,Tennis Nets
Locust Park Pool,Baltimore,4,Perm. Lines,BYO Nets
Oakland Mills Village Center,Baltimore,4,Perm. Lines,BYO Nets
Clifton Park,Baltimore,3,Perm. Lines,Tennis Nets
Pikesville Middle School,Baltimore,3,BYO Lines,BYO Nets
Latrobe Park,Baltimore,3,Perm. Lines,Tennis Nets
Perry Hall Middle School,Baltimore,16,Perm. Lines,BYO Nets
Solo Gibbs Pickleball Courts,Baltimore,2,Perm. Lines,BYO Nets
Vantage Point Park,Baltimore,4,Perm. Lines,BYO Nets
Severn-Danza Park,Baltimore,4,Perm. Lines,BYO Nets
Dumbarton Middle School,Baltimore,5,Perm. Lines,BYO Nets
West Towson Park,Baltimore,1,Perm. Lines,BYO Nets
Randallstown Community Center,Baltimore,4,Perm. Lines,Portable Nets
Solley Park,Baltimore,3,Perm. Lines,BYO Nets
Valley Baptist Church,Baltimore,2,Tape Lines,Portable Nets
Ateaze Senior Center,Baltimore,2,Perm. Lines,BYO Nets
Loch Raven Recreation Center,Baltimore,7,Perm. Lines,BYO Nets
Honeygo Run Regional Park Outdoors,Baltimore,3,Perm. Lines,BYO Nets
Northeast Regional Recreation Center,Baltimore,4,Perm. Lines,Portable Nets
Lindale Middle School,Baltimore,2,Perm. Lines,Tennis Nets
Wellwood International School,Baltimore,2,Perm. Lines,BYO Nets
Linthicum Park,Baltimore,4,Perm. Lines,BYO Nets
Oakland Mills High School,Baltimore,8,Perm. Lines,BYO Nets
Overlook Park,Baltimore,2,Perm. Lines,BYO Nets
Columbia Gateway Pickleball Court,Baltimore,3,Perm. Lines,Perm. Nets
Catonsville Elementary School,Baltimore,5,Perm. Lines,Perm. Nets
Patterson Park Tennis Courts,Baltimore,4,Perm. Lines,BYO Nets
Thunder Hill Elementary School,Baltimore,4,Perm. Lines,BYO Nets
Blueberry Hill Franklin Park,Pittsburgh,3,Perm. Lines,Perm. Nets
Clever Park,Pittsburgh,2,Perm. Lines,Tennis Nets
William McKinley Citizen Center,Pittsburgh,2,Perm. Lines,Portable Nets
Burkett Park,Pittsburgh,3,Perm. Lines,Perm. Nets
Phillips Recreation Center,Pittsburgh,2,Perm. Lines,Portable Nets
Moon Park,Pittsburgh,6,Perm. Lines,Perm. Nets
Marmo Community Park,Pittsburgh,2,Perm. Lines,Perm. Nets
Arlington Recreation Center,Pittsburgh,2,Perm. Lines,Portable Nets
Frick Park,Pittsburgh,3,Perm. Lines,Perm. Nets
Monroeville Community Park West,Pittsburgh,12,Perm. Lines,Perm. Nets
Aspinwall Recreational Area,Pittsburgh,2,Perm. Lines,Portable Nets
Bethel Park Community Center,Pittsburgh,3,Perm. Lines,Portable Nets
Schenley Park,Pittsburgh,4,Perm. Lines,Perm. Nets
Monroeville Community Park West,Pittsburgh,8,Perm. Lines,BYO Nets
North Park Tennis Courts,Pittsburgh,8,Perm. Lines,Perm. Nets
Bellevue Memorial Park,Pittsburgh,2,Perm. Lines,Perm. Nets
Snyder Park,Pittsburgh,2,Perm. Lines,BYO Nets
Baker Park,Pittsburgh,4,Perm. Lines,BYO Nets
South Park Tennis Courts,Pittsburgh,6,Perm. Lines,Perm. Nets
Moore Park,Pittsburgh,2,Perm. Lines,Perm. Nets
The Fold,Pittsburgh,1,Perm. Lines,BYO Nets
Washington’s Landing Courts,Pittsburgh,10,Perm. Lines,Perm. Nets
Koch Park,Pittsburgh,3,Perm. Lines,Perm. Nets
Brookline Recreation Center,Pittsburgh,2,Perm. Lines,Portable Nets
Schenley Oval Sportsplex,Pittsburgh,4,Perm. Lines,Perm. Nets
Allegheny Commons Park,Pittsburgh,2,Perm. Lines,Perm. Nets
Peters Township Tennis Center,Pittsburgh,4,Perm. Lines,Portable Nets
Verona Riverbank Park,Pittsburgh,4,Perm. Lines,Perm. Nets
Memorial Park,Pittsburgh,2,Perm. Lines,Tennis Nets
Simmons Park,Pittsburgh,4,Perm. Lines,Perm. Nets
Danny Jones Tennis Center,Charleston,4,Perm. Lines,Tennis Nets
Park West Tennis Courts,Charleston,4,Perm. Lines,Portable Nets
Lenevar Park,Charleston,2,Perm. Lines,Tennis Nets
North Charleston Athletic Center,Charleston,4,Perm. Lines,Portable Nets
Mary Utsey Playground,Charleston,2,Perm. Lines,Tennis Nets
Town Hall Gym,Charleston,4,Perm. Lines,Portable Nets
"Arthur B. Schirmer, Jr. Tennis Center (Bees Ferry)",Charleston,8,Perm. Lines,BYO Nets
Alan Fleming Tennis Center - Johns Island Park,Charleston,6,Perm. Lines,Portable Nets
Ashley River Church,Charleston,5,Perm. Lines,Perm. Nets
Moultrie Playground Pickleball Courts,Charleston,2,Perm. Lines,Perm. Nets
Haut Gap Middle School,Charleston,4,Perm. Lines,BYO Nets
Northwoods Park,Charleston,3,Perm. Lines,Portable Nets
Martin Park,Charleston,2,Perm. Lines,Perm. Nets
Thomas Johnson Park,Charleston,4,Perm. Lines,Portable Nets
Isle of Palms Recreation,Charleston,2,Perm. Lines,Perm. Nets
Sullivan's Island Playground Park,Charleston,2,Perm. Lines,BYO Nets
Pirate's Cove Playground,Charleston,4,Perm. Lines,Portable Nets
Collins Park,Charleston,16,Perm. Lines,Perm. Nets
Corrine Jones Park,Charleston,2,Perm. Lines,Tennis Nets
Miriam Brown Community Center,Charleston,4,Perm. Lines,Portable Nets
Los Duranes Community Center,Albuquerque,2,Perm. Lines,Portable Nets
Villela Park,Albuquerque,6,Perm. Lines,Perm. Nets
Bernalillo County North Domingo Baca Tennis Courts,Albuquerque,2,Perm. Lines,BYO Nets
Rinconada Park,Albuquerque,2,Perm. Lines,BYO Nets
Village of Los Ranchos de Albuquerque,Albuquerque,2,Perm. Lines,Perm. Nets
Eagle Ranch Park,Albuquerque,4,Perm. Lines,BYO Nets
Thomas Bell Community Center,Albuquerque,3,Perm. Lines,Portable Nets
Lynnwood Park,Albuquerque,4,Perm. Lines,BYO Nets
Loma Del Norte Park,Albuquerque,4,Perm. Lines,BYO Nets
Ventana Ranch Park,Albuquerque,12,Perm. Lines,Portable Nets
Raymond Sanchez Community Center,Albuquerque,6,Perm. Lines,BYO Nets
Manzano Mesa Park,Albuquerque,39,Perm. Lines,Perm. Nets
Montgomery Park,Albuquerque,4,Perm. Lines,BYO Nets
Lyndon B. Johnson Middle School,Albuquerque,3,Perm. Lines,Portable Nets
Alamosa Park,Albuquerque,8,Perm. Lines,BYO Nets
Taylor Ranch Community Center,Albuquerque,3,Perm. Lines,Portable Nets
Columbus Park,Albuquerque,4,Perm. Lines,Portable Nets
Alamosa Community Center,Albuquerque,2,Perm. Lines,Portable Nets
Haynes Park,Albuquerque,4,Perm. Lines,BYO Nets
Hoffman Park,Albuquerque,2,Perm. Lines,BYO Nets
Rio Rancho Sports Complex,Albuquerque,4,Perm. Lines,BYO Nets
Quintessence Park,Albuquerque,4,Perm. Lines,BYO Nets
Degenhart Park,Columbus,6,Perm. Lines,Portable Nets
Wellington Park,Columbus,2,Perm. Lines,Tennis Nets
Windsor Park Pickleball Courts,Columbus,6,Perm. Lines,Perm. Nets
Beatty Community Center,Columbus,2,Perm. Lines,Portable Nets
John F. Kennedy Park,Columbus,8,Tape Lines,Portable Nets
Coffman Park,Columbus,8,Perm. Lines,Perm. Nets
McGill Park,Columbus,5,Perm. Lines,Perm. Nets
Olentangy Parklands,Columbus,12,Perm. Lines,Perm. Nets
Grandview Heights Park & Recreation,Columbus,4,Perm. Lines,Portable Nets
Sycamore Creek Park Outdoor Tennis Course,Columbus,2,Perm. Lines,Perm. Nets
Clinton Como Park,Columbus,2,Perm. Lines,BYO Nets
Beulah Park,Columbus,7,Perm. Lines,Perm. Nets
Warner Woods Park,Columbus,4,Perm. Lines,Perm. Nets
Friendship Park,Columbus,4,Perm. Lines,Perm. Nets
Woods of Brighton Lane,Columbus,2,Perm. Lines,Tennis Nets
Lincoln Tower Outdoor Rec,Columbus,6,Perm. Lines,Tennis Nets
Roger A. Reynolds Municipal Park,Columbus,2,Perm. Lines,Perm. Nets
Mcdonald Athletic Complex,Columbus,4,Perm. Lines,BYO Nets
Bevelhymer Park - Yellow Zone Tennis Courts,Columbus,4,Perm. Lines,BYO Nets
Balgriffin Park,Columbus,2,Perm. Lines,Tennis Nets
Antrim park,Columbus,4,Perm. Lines,BYO Nets
Donegal Cliffs Park,Columbus,2,Perm. Lines,Tennis Nets
Bevelhymer Park - 16 Courts,Columbus,16,Perm. Lines,Perm. Nets
Fancyburg Park,Columbus,8,Perm. Lines,Portable Nets
Paul S. Metzger Park,Columbus,6,Perm. Lines,BYO Nets
Tri-City Park,Columbus,12,Perm. Lines,Perm. Nets
Marion Franklin Park,Columbus,5,Perm. Lines,Perm. Nets
Jeffrey Park Solomon Pickleball Courts,Columbus,4,Perm. Lines,Perm. Nets
Warehouse Garage,Columbus,5,Tape Lines,BYO Nets
Central Park,Myrtle Beach,4,Perm. Lines,Perm. Nets
Midway Park Pickleball courts,Myrtle Beach,10,Perm. Lines,Perm. Nets
Surfside United Methodist Church,Myrtle Beach,3,Perm. Lines,Portable Nets
Hill Street Park,Myrtle Beach,1,Perm. Lines,Perm. Nets
South Strand Recreation Center,Myrtle Beach,4,Perm. Lines,Portable Nets
Beach Church,Myrtle Beach,3,Perm. Lines,Portable Nets
Conway Recreation Center,Myrtle Beach,3,Perm. Lines,BYO Nets
Academia Conejo,San Jose,6,Perm. Lines,Portable Nets
Deerfield Park,Providence,6,Perm. Lines,Portable Nets
Barrington Kent Street Park Tennis / Pickleball courts,Providence,4,Perm. Lines,BYO Nets
Nickerson Playground,Providence,3,Perm. Lines,Perm. Nets
Fall River Bicentennial Park Pickleball,Providence,4,BYO Lines,BYO Nets
Jamiel's Park,Providence,2,Perm. Lines,Tennis Nets
Fore Court Racquet & Fitness,Providence,8,Tape Lines,Portable Nets
Burrs Hill Park,Providence,2,Perm. Lines,Tennis Nets
Chinese Park,Providence,2,Perm. Lines,Portable Nets
Nathan Bishop tennis courts,Providence,4,Perm. Lines,BYO Nets
Rehoboth Francis farm,Providence,2,Perm. Lines,Perm. Nets
Herbert F Paine Memorial Field,Providence,4,Perm. Lines,Portable Nets
Jewish Community Center of RI,Providence,6,Perm. Lines,Portable Nets
Mickey Stevens Sports Complex,Providence,4,Perm. Lines,Tennis Nets
Kennedy Park Pickleball,Providence,8,Perm. Lines,Perm. Nets
John Chafee Athletic & Recreation Center,Providence,4,Perm. Lines,Portable Nets
Tilda B Stone Pickleball Court,Providence,3,Perm. Lines,Perm. Nets
Kennedy Park Pickleball Courts,Providence,8,Perm. Lines,Perm. Nets
Barrington Middle School Outdoor Pickleball Courts,Providence,8,Perm. Lines,BYO Nets
Rehoboth,Providence,3,Perm. Lines,BYO Nets
Fairlawn Playground,Providence,2,Perm. Lines,BYO Nets
Bristol Town Commons Park,Providence,8,Perm. Lines,Portable Nets
Slater Park,Providence,4,Perm. Lines,BYO Nets
Winona Community Centre,Burlington,1,Perm. Lines,Portable Nets
Sycamore Park,Burlington,2,Perm. Lines,Tennis Nets
Mattamy National Cycling Centre (MNCC),Burlington,9,Perm. Lines,Portable Nets
Dundas Lions Memorial Community Centre,Burlington,3,Perm. Lines,Portable Nets
Ford Neighbourhood Park,Burlington,2,Perm. Lines,Portable Nets
Central Arena - Auditorium,Burlington,1,Perm. Lines,Perm. Nets
Leighland Park,Burlington,2,Perm. Lines,Tennis Nets
Sir John Colborne Recreation Centre for Seniors,Burlington,2,Perm. Lines,Portable Nets
Parkdale Park Pickleball/Tennis Court,Burlington,2,Perm. Lines,Tennis Nets
Optimist Park,Burlington,2,Perm. Lines,Tennis Nets
Confederation Park,Burlington,12,Perm. Lines,Perm. Nets
Bolus Garden Parkette,Burlington,2,Perm. Lines,BYO Nets
Mayfair Park,Burlington,1,,
Central Memorial Recreation Centre,Burlington,2,Perm. Lines,Portable Nets
Ireland Park,Burlington,4,Perm. Lines,BYO Nets
Tansley Woods Park,Burlington,3,Perm. Lines,Perm. Nets
Oak Haven Park,San Antonio,1,Perm. Lines,Tennis Nets
Monterrey Park,San Antonio,8,Perm. Lines,Perm. Nets
Forest Hills Presbyterian Church,San Antonio,2,Perm. Lines,BYO Nets
Gilbert Garza Park,San Antonio,2,Perm. Lines,Tennis Nets
CBC at Emmitt Park,San Antonio,3,Perm. Lines,Perm. Nets
Hamilton Community Center,San Antonio,3,Perm. Lines,Portable Nets
Beyster Windcrest Tennis and Pickleball Center,San Antonio,7,Perm. Lines,Perm. Nets
northside,San Antonio,3,BYO Lines,Tennis Nets
Fairchild Park,San Antonio,18,Perm. Lines,Perm. Nets
Takas Windcrest City Park,San Antonio,1,Perm. Lines,Perm. Nets
Hilo Armory,Kalaoa,3,Perm. Lines,Portable Nets
Hoolulu Tennis/Pickleball Courts,Kalaoa,4,Perm. Lines,BYO Nets
Dan Wakefield Park,Indianapolis,2,Perm. Lines,Tennis Nets
Stephens Park - Brownsburg,Indianapolis,6,Perm. Lines,Perm. Nets
Swinford Park,Indianapolis,8,Perm. Lines,Perm. Nets
Washington Township Park Outdoor Pickle Ball,Indianapolis,4,Perm. Lines,Portable Nets
Arbuckle Acres Park,Indianapolis,2,Perm. Lines,Tennis Nets
Ellenberger Park,Indianapolis,2,Perm. Lines,Perm. Nets
Lions Park - Cumberland,Indianapolis,4,Perm. Lines,Perm. Nets
Dubarry Park,Indianapolis,3,Perm. Lines,BYO Nets
Krannert Park,Indianapolis,6,Perm. Lines,BYO Nets
Broad Ripple Park,Indianapolis,4,Perm. Lines,Tennis Nets
Avon Christian Church,Indianapolis,3,Tape Lines,Portable Nets
Craig Park,Indianapolis,7,Perm. Lines,Perm. Nets
Sahm Park,Indianapolis,4,Perm. Lines,Tennis Nets
Franklin Park,Indianapolis,8,Perm. Lines,Perm. Nets
Sarah T Bolton park,Indianapolis,2,Perm. Lines,BYO Nets
Gardner Park,Indianapolis,3,Perm. Lines,Perm. Nets
Lee Road Park,Indianapolis,8,Perm. Lines,Perm. Nets
Vince Marcotte Park,Detroit,3,Perm. Lines,Perm. Nets
Riverview Vreeland Park,Detroit,3,Perm. Lines,Perm. Nets
F.O.P. Park,Detroit,4,Perm. Lines,Perm. Nets
Palmer Park Pickleball Courts,Detroit,9,Perm. Lines,Tennis Nets
Whittier Park,Detroit,8,Perm. Lines,Perm. Nets
Ford Community & Performing Arts Center,Detroit,7,Perm. Lines,Portable Nets
Shawanoe Park,Detroit,4,Perm. Lines,Perm. Nets
WFCU/Eastside Centre,Detroit,3,Perm. Lines,Portable Nets
Southfield Parks And Recreation - Beech Woods Recreation Center,Detroit,4,Perm. Lines,Portable Nets
Essex Community Centre,Detroit,5,Perm. Lines,Portable Nets
Johnston Park,Detroit,2,Perm. Lines,Tennis Nets
Busse Park,Detroit,6,Perm. Lines,Perm. Nets
Saint Clair Shores Civic Center,Detroit,6,Perm. Lines,Perm. Nets
Rosemont Community Park,Sacramento,2,Perm. Lines,Perm. Nets
Sycamore Park,Sacramento,2,Perm. Lines,Tennis Nets
Wackman Park,Sacramento,4,Perm. Lines,BYO Nets
North Ridge Country Club,Sacramento,4,Perm. Lines,Perm. Nets
Cresthaven Park,Sacramento,2,Perm. Lines,Perm. Nets
Cabrillo Park,Sacramento,2,Perm. Lines,Tennis Nets
R. Burnett Miller Park,Sacramento,2,Perm. Lines,Perm. Nets
Slide Hill Park Tennis Courts,Sacramento,2,Perm. Lines,Tennis Nets
Larchmont Community Park,Sacramento,2,Perm. Lines,Tennis Nets
Covell Park,Sacramento,2,Perm. Lines,Tennis Nets
David A. Simpson Park,Sacramento,2,Perm. Lines,BYO Nets
Van Doren Park,Sacramento,2,Perm. Lines,Tennis Nets
Cosumnes River College,Sacramento,8,Perm. Lines,Perm. Nets
Garcia Bend Park,Sacramento,4,Perm. Lines,Perm. Nets
Rusch Community Park,Sacramento,12,Perm. Lines,Perm. Nets
Veterans Park,Sacramento,1,Perm. Lines,Tennis Nets
Glenbrook Park,Sacramento,2,Perm. Lines,Tennis Nets
Walnut Park,Sacramento,4,Perm. Lines,Perm. Nets
Rio Linda Elverta Recreation and Park District,Sacramento,4,Perm. Lines,BYO Nets
Redwood Park,Sacramento,4,Perm. Lines,Perm. Nets
Eastern Oak Park,Sacramento,6,Perm. Lines,Perm. Nets
Magnolia Park,Sacramento,2,Perm. Lines,Tennis Nets
Southside Park Court,Sacramento,6,Perm. Lines,Perm. Nets
Carmichael Park,Sacramento,2,Perm. Lines,Tennis Nets
Gibbons Community Park,Sacramento,6,Perm. Lines,Perm. Nets
Cottage Park,Sacramento,2,Perm. Lines,Tennis Nets
Batey Park,Sacramento,3,Perm. Lines,Tennis Nets
Eugene H. Ahner Park,Sacramento,1,Perm. Lines,Tennis Nets
Valley Oak Park,Sacramento,2,Perm. Lines,Tennis Nets
McClatchy Park,Sacramento,2,Perm. Lines,Tennis Nets
Curtis Park,Sacramento,2,Perm. Lines,BYO Nets
San Juan Park Court,Sacramento,4,Perm. Lines,Perm. Nets
Lewis Park,Sacramento,2,Perm. Lines,Tennis Nets
Ashton Park,Sacramento,3,Perm. Lines,Tennis Nets
Lincoln Village Community Park,Sacramento,2,Perm. Lines,BYO Nets
Pannell-Meadowview Community Center,Sacramento,3,Perm. Lines,Portable Nets
Miwok Park,Sacramento,2,Perm. Lines,BYO Nets
Swanston Park,Sacramento,2,Perm. Lines,Tennis Nets
Crosswoods Community Park,Sacramento,2,Perm. Lines,Tennis Nets
California Middle School,Sacramento,8,Perm. Lines,BYO Nets
Cresta Park,Sacramento,1,Perm. Lines,Tennis Nets
Pokelma Park,Sacramento,2,Perm. Lines,Tennis Nets
The Crossing at East Cut,Oakland,5,Perm. Lines,Perm. Nets
Buena Vista Park,Oakland,4,Perm. Lines,BYO Nets
Richmond Playground,Oakland,2,Perm. Lines,Portable Nets
Rudgear Park,Oakland,8,Perm. Lines,Perm. Nets
Richmond Recreation Center,Oakland,4,Perm. Lines,Portable Nets
War Memorial Community Center,Oakland,3,Perm. Lines,Portable Nets
Westborough Park,Oakland,4,Perm. Lines,BYO Nets
Louis Sutter Playground,Oakland,6,Perm. Lines,Perm. Nets
Minnie & Lovie Ward Recreational Center,Oakland,4,Perm. Lines,Portable Nets
Lafayette Rink,Oakland,6,Perm. Lines,Perm. Nets
Martin Luther King Jr Park,Oakland,2,Perm. Lines,Perm. Nets
Castro Park,Oakland,6,Perm. Lines,Portable Nets
Hampton Tennis Court - Piedmont,Oakland,4,Perm. Lines,BYO Nets
Moscone Park Playground,Oakland,6,Perm. Lines,Portable Nets
George Christopher Playground Park,Oakland,2,Perm. Lines,BYO Nets
Eureka Valley Rec Center,Oakland,3,Perm. Lines,Portable Nets
SouthGate Hayward Pickleball Park,Oakland,6,Perm. Lines,Perm. Nets
Linda Beach Pickleball Courts,Oakland,4,Perm. Lines,Portable Nets
Glen Park Recreation Center,Oakland,3,Perm. Lines,Portable Nets
James Kenney Park Pickleball Court,Oakland,1,Perm. Lines,Perm. Nets
Lincoln Park,Oakland,4,Perm. Lines,Perm. Nets
Angelo J. Rossi Playground,Oakland,8,Perm. Lines,Portable Nets
Washington Manor Park,Oakland,6,Perm. Lines,Perm. Nets
Mission Blue Tennis Courts,Oakland,2,Perm. Lines,BYO Nets
Pacelli Event Center,Oakland,3,Perm. Lines,BYO Nets
Presidio Wall Playground,Oakland,6,Perm. Lines,Portable Nets
Parkside Square & Bob Cheney Field,Oakland,8,Perm. Lines,BYO Nets
Hamilton Recreation Center,Oakland,3,Perm. Lines,Portable Nets
Cedar Rose Park Pickleball Courts,Oakland,4,Perm. Lines,Perm. Nets
De Fremery Park,Oakland,1,Perm. Lines,Tennis Nets
Weekes Community Center-Park,Oakland,2,Perm. Lines,Perm. Nets
Orange Memorial Park,Oakland,4,Perm. Lines,BYO Nets
Piedmont Middle School Pickleball Courts,Oakland,6,Perm. Lines,Portable Nets
Mission Bay,Oakland,1,Perm. Lines,BYO Nets
Orinda Community Center Park,Oakland,3,Perm. Lines,Portable Nets
Leydecker Park,Oakland,4,Perm. Lines,Portable Nets
Richmond Police Activities League,Oakland,2,Perm. Lines,BYO Nets
States Street Playground,Oakland,2,Chalk Lines,Portable Nets
Booker T. Anderson Jr. Park,Oakland,6,Perm. Lines,Perm. Nets
Albert Park,Oakland,2,Perm. Lines,Tennis Nets
Buri Buri Park,Oakland,4,Perm. Lines,Portable Nets
Bushrod Park,Oakland,4,Perm. Lines,BYO Nets
Crocker Amazon Park,Oakland,2,Perm. Lines,BYO Nets
Strawberry Recreation Center,Oakland,2,Perm. Lines,Portable Nets
Ocean View Park,Oakland,4,Perm. Lines,Perm. Nets
Corte Madera Town Park,Oakland,2,Perm. Lines,BYO Nets
Piper Park,Oakland,4,Perm. Lines,Portable Nets
Stonegate Park,Oakland,2,Perm. Lines,BYO Nets
Carl Larsen Playground,Oakland,8,Perm. Lines,Perm. Nets
Upper Noe Recreation Center,Oakland,6,Perm. Lines,Tennis Nets
Sellick Park,Oakland,4,Perm. Lines,Portable Nets
